SUBJECT,OBJECT
http://bg.dbpedia.org/resource/%D0%A4%D0%B5%D0%B9%D1%82%D0%BB%D0%B5%D1%81,http://bg.dbpedia.org/resource/Фейтлес
http://bg.dbpedia.org/resource/Фейтлес,http://cs.dbpedia.org/resource/Faithless
http://bg.dbpedia.org/resource/Фейтлес,http://da.dbpedia.org/resource/Faithless
http://bg.dbpedia.org/resource/Фейтлес,http://dbpedia.org/resource/Faithless
http://bg.dbpedia.org/resource/Фейтлес,http://de.dbpedia.org/resource/Faithless
http://bg.dbpedia.org/resource/Фейтлес,http://el.dbpedia.org/resource/Faithless
http://bg.dbpedia.org/resource/Фейтлес,http://es.dbpedia.org/resource/Faithless
http://bg.dbpedia.org/resource/Фейтлес,http://et.dbpedia.org/resource/Faithless
http://bg.dbpedia.org/resource/Фейтлес,http://fa.dbpedia.org/resource/فیتلس
http://bg.dbpedia.org/resource/Фейтлес,http://fi.dbpedia.org/resource/Faithless
http://bg.dbpedia.org/resource/Фейтлес,http://fr.dbpedia.org/resource/Faithless
http://bg.dbpedia.org/resource/Фейтлес,http://he.dbpedia.org/resource/פיית'לס
http://bg.dbpedia.org/resource/Фейтлес,http://it.dbpedia.org/resource/Faithless
http://bg.dbpedia.org/resource/Фейтлес,http://ja.dbpedia.org/resource/フェイスレス_(バンド)
http://bg.dbpedia.org/resource/Фейтлес,http://ka.dbpedia.org/resource/Faithless
http://bg.dbpedia.org/resource/Фейтлес,http://mk.dbpedia.org/resource/Faithless
http://bg.dbpedia.org/resource/Фейтлес,http://nl.dbpedia.org/resource/Faithless
http://bg.dbpedia.org/resource/Фейтлес,http://pl.dbpedia.org/resource/Faithless
http://bg.dbpedia.org/resource/Фейтлес,http://pt.dbpedia.org/resource/Faithless
http://bg.dbpedia.org/resource/Фейтлес,http://rdf.freebase.com/ns/m.01kqt5
http://bg.dbpedia.org/resource/Фейтлес,http://ro.dbpedia.org/resource/Faithless
http://bg.dbpedia.org/resource/Фейтлес,http://ru.dbpedia.org/resource/Faithless
http://bg.dbpedia.org/resource/Фейтлес,http://sk.dbpedia.org/resource/Faithless
http://bg.dbpedia.org/resource/Фейтлес,http://sr.dbpedia.org/resource/Faithless
http://bg.dbpedia.org/resource/Фейтлес,http://sv.dbpedia.org/resource/Faithless
http://bg.dbpedia.org/resource/Фейтлес,http://th.dbpedia.org/resource/เฟธเลส
http://bg.dbpedia.org/resource/Фейтлес,http://tr.dbpedia.org/resource/Faithless_(müzik_grubu)
http://bg.dbpedia.org/resource/Фейтлес,http://www.wikidata.org/entity/Q542071
http://cs.dbpedia.org/resource/Faithless,http://da.dbpedia.org/resource/Faithless
http://cs.dbpedia.org/resource/Faithless,http://dbpedia.org/resource/Faithless
http://cs.dbpedia.org/resource/Faithless,http://de.dbpedia.org/resource/Faithless
http://cs.dbpedia.org/resource/Faithless,http://el.dbpedia.org/resource/Faithless
http://cs.dbpedia.org/resource/Faithless,http://es.dbpedia.org/resource/Faithless
http://cs.dbpedia.org/resource/Faithless,http://et.dbpedia.org/resource/Faithless
http://cs.dbpedia.org/resource/Faithless,http://fa.dbpedia.org/resource/فیتلس
http://cs.dbpedia.org/resource/Faithless,http://fi.dbpedia.org/resource/Faithless
http://cs.dbpedia.org/resource/Faithless,http://fr.dbpedia.org/resource/Faithless
http://cs.dbpedia.org/resource/Faithless,http://he.dbpedia.org/resource/פיית'לס
http://cs.dbpedia.org/resource/Faithless,http://it.dbpedia.org/resource/Faithless
http://cs.dbpedia.org/resource/Faithless,http://ja.dbpedia.org/resource/フェイスレス_(バンド)
http://cs.dbpedia.org/resource/Faithless,http://ka.dbpedia.org/resource/Faithless
http://cs.dbpedia.org/resource/Faithless,http://mk.dbpedia.org/resource/Faithless
http://cs.dbpedia.org/resource/Faithless,http://nl.dbpedia.org/resource/Faithless
http://cs.dbpedia.org/resource/Faithless,http://pl.dbpedia.org/resource/Faithless
http://cs.dbpedia.org/resource/Faithless,http://pt.dbpedia.org/resource/Faithless
http://cs.dbpedia.org/resource/Faithless,http://rdf.freebase.com/ns/m.01kqt5
http://cs.dbpedia.org/resource/Faithless,http://ro.dbpedia.org/resource/Faithless
http://cs.dbpedia.org/resource/Faithless,http://ru.dbpedia.org/resource/Faithless
http://cs.dbpedia.org/resource/Faithless,http://sk.dbpedia.org/resource/Faithless
http://cs.dbpedia.org/resource/Faithless,http://sr.dbpedia.org/resource/Faithless
http://cs.dbpedia.org/resource/Faithless,http://sv.dbpedia.org/resource/Faithless
http://cs.dbpedia.org/resource/Faithless,http://th.dbpedia.org/resource/เฟธเลส
http://cs.dbpedia.org/resource/Faithless,http://tr.dbpedia.org/resource/Faithless_(müzik_grubu)
http://cs.dbpedia.org/resource/Faithless,http://www.wikidata.org/entity/Q542071
http://da.dbpedia.org/resource/Faithless,http://dbpedia.org/resource/Faithless
http://da.dbpedia.org/resource/Faithless,http://de.dbpedia.org/resource/Faithless
http://da.dbpedia.org/resource/Faithless,http://el.dbpedia.org/resource/Faithless
http://da.dbpedia.org/resource/Faithless,http://es.dbpedia.org/resource/Faithless
http://da.dbpedia.org/resource/Faithless,http://et.dbpedia.org/resource/Faithless
http://da.dbpedia.org/resource/Faithless,http://fa.dbpedia.org/resource/فیتلس
http://da.dbpedia.org/resource/Faithless,http://fi.dbpedia.org/resource/Faithless
http://da.dbpedia.org/resource/Faithless,http://fr.dbpedia.org/resource/Faithless
http://da.dbpedia.org/resource/Faithless,http://he.dbpedia.org/resource/פיית'לס
http://da.dbpedia.org/resource/Faithless,http://it.dbpedia.org/resource/Faithless
http://da.dbpedia.org/resource/Faithless,http://ja.dbpedia.org/resource/フェイスレス_(バンド)
http://da.dbpedia.org/resource/Faithless,http://ka.dbpedia.org/resource/Faithless
http://da.dbpedia.org/resource/Faithless,http://mk.dbpedia.org/resource/Faithless
http://da.dbpedia.org/resource/Faithless,http://nl.dbpedia.org/resource/Faithless
http://da.dbpedia.org/resource/Faithless,http://pl.dbpedia.org/resource/Faithless
http://da.dbpedia.org/resource/Faithless,http://pt.dbpedia.org/resource/Faithless
http://da.dbpedia.org/resource/Faithless,http://rdf.freebase.com/ns/m.01kqt5
http://da.dbpedia.org/resource/Faithless,http://ro.dbpedia.org/resource/Faithless
http://da.dbpedia.org/resource/Faithless,http://ru.dbpedia.org/resource/Faithless
http://da.dbpedia.org/resource/Faithless,http://sk.dbpedia.org/resource/Faithless
http://da.dbpedia.org/resource/Faithless,http://sr.dbpedia.org/resource/Faithless
http://da.dbpedia.org/resource/Faithless,http://sv.dbpedia.org/resource/Faithless
http://da.dbpedia.org/resource/Faithless,http://th.dbpedia.org/resource/เฟธเลส
http://da.dbpedia.org/resource/Faithless,http://tr.dbpedia.org/resource/Faithless_(müzik_grubu)
http://da.dbpedia.org/resource/Faithless,http://www.wikidata.org/entity/Q542071
http://dbpedia.org/resource/Faithless,http://dbpedia.org/resource/Faithless
http://dbpedia.org/resource/Faithless,http://de.dbpedia.org/resource/Faithless
http://dbpedia.org/resource/Faithless,http://el.dbpedia.org/resource/Faithless
http://dbpedia.org/resource/Faithless,http://es.dbpedia.org/resource/Faithless
http://dbpedia.org/resource/Faithless,http://et.dbpedia.org/resource/Faithless
http://dbpedia.org/resource/Faithless,http://fa.dbpedia.org/resource/فیتلس
http://dbpedia.org/resource/Faithless,http://fi.dbpedia.org/resource/Faithless
http://dbpedia.org/resource/Faithless,http://fr.dbpedia.org/resource/Faithless
http://dbpedia.org/resource/Faithless,http://he.dbpedia.org/resource/פיית'לס
http://dbpedia.org/resource/Faithless,http://it.dbpedia.org/resource/Faithless
http://dbpedia.org/resource/Faithless,http://ja.dbpedia.org/resource/フェイスレス_(バンド)
http://dbpedia.org/resource/Faithless,http://ka.dbpedia.org/resource/Faithless
http://dbpedia.org/resource/Faithless,http://mk.dbpedia.org/resource/Faithless
http://dbpedia.org/resource/Faithless,http://nl.dbpedia.org/resource/Faithless
http://dbpedia.org/resource/Faithless,http://pl.dbpedia.org/resource/Faithless
http://dbpedia.org/resource/Faithless,http://pt.dbpedia.org/resource/Faithless
http://dbpedia.org/resource/Faithless,http://rdf.freebase.com/ns/m.01kqt5
http://dbpedia.org/resource/Faithless,http://ro.dbpedia.org/resource/Faithless
http://dbpedia.org/resource/Faithless,http://ru.dbpedia.org/resource/Faithless
http://dbpedia.org/resource/Faithless,http://sk.dbpedia.org/resource/Faithless
http://dbpedia.org/resource/Faithless,http://sr.dbpedia.org/resource/Faithless
http://dbpedia.org/resource/Faithless,http://sv.dbpedia.org/resource/Faithless
http://dbpedia.org/resource/Faithless,http://th.dbpedia.org/resource/เฟธเลส
http://dbpedia.org/resource/Faithless,http://tr.dbpedia.org/resource/Faithless_(müzik_grubu)
http://dbpedia.org/resource/Faithless,http://wikidata.dbpedia.org/resource/Q542071
http://dbpedia.org/resource/Faithless,http://www.wikidata.org/entity/Q542071
http://dbpedia.org/resource/Faithless,http://zitgist.com/music/artist/23d9d74d-c95e-46a6-be26-a6075c49747a
http://dbpedia.org/resource/Faithless,http://rdf.freebase.com/ns/guid.9202a8c04000641f800000000018db25
http://dbpedia.org/resource/Faithless,http://rdf.freebase.com/ns/m/01kqt5
http://dbpedia.org/resource/Faithless,http://wikidata.org/entity/Q542071
http://dbpedia.org/resource/Faithless,http://yago-knowledge.org/resource/Faithless
http://dbpedia.org/resource/Faithless,http://musicbrainz.org/artist/23d9d74d-c95e-46a6-be26-a6075c49747a#_
http://dbpedia.org/resource/Faithless,http://www4.wiwiss.fu-berlin.de/flickrwrappr/photos/Faithless
http://dbpedia.org/resource/Faithless,http://mpii.de/yago/resource/Faithless
http://de.dbpedia.org/resource/Faithless,http://el.dbpedia.org/resource/Faithless
http://de.dbpedia.org/resource/Faithless,http://es.dbpedia.org/resource/Faithless
http://de.dbpedia.org/resource/Faithless,http://et.dbpedia.org/resource/Faithless
http://de.dbpedia.org/resource/Faithless,http://fa.dbpedia.org/resource/فیتلس
http://de.dbpedia.org/resource/Faithless,http://fi.dbpedia.org/resource/Faithless
http://de.dbpedia.org/resource/Faithless,http://fr.dbpedia.org/resource/Faithless
http://de.dbpedia.org/resource/Faithless,http://he.dbpedia.org/resource/פיית'לס
http://de.dbpedia.org/resource/Faithless,http://it.dbpedia.org/resource/Faithless
http://de.dbpedia.org/resource/Faithless,http://ja.dbpedia.org/resource/フェイスレス_(バンド)
http://de.dbpedia.org/resource/Faithless,http://ka.dbpedia.org/resource/Faithless
http://de.dbpedia.org/resource/Faithless,http://mk.dbpedia.org/resource/Faithless
http://de.dbpedia.org/resource/Faithless,http://nl.dbpedia.org/resource/Faithless
http://de.dbpedia.org/resource/Faithless,http://pl.dbpedia.org/resource/Faithless
http://de.dbpedia.org/resource/Faithless,http://pt.dbpedia.org/resource/Faithless
http://de.dbpedia.org/resource/Faithless,http://rdf.freebase.com/ns/m.01kqt5
http://de.dbpedia.org/resource/Faithless,http://ro.dbpedia.org/resource/Faithless
http://de.dbpedia.org/resource/Faithless,http://ru.dbpedia.org/resource/Faithless
http://de.dbpedia.org/resource/Faithless,http://sk.dbpedia.org/resource/Faithless
http://de.dbpedia.org/resource/Faithless,http://sr.dbpedia.org/resource/Faithless
http://de.dbpedia.org/resource/Faithless,http://sv.dbpedia.org/resource/Faithless
http://de.dbpedia.org/resource/Faithless,http://th.dbpedia.org/resource/เฟธเลส
http://de.dbpedia.org/resource/Faithless,http://tr.dbpedia.org/resource/Faithless_(müzik_grubu)
http://de.dbpedia.org/resource/Faithless,http://www.wikidata.org/entity/Q542071
http://el.dbpedia.org/resource/Faithless,http://es.dbpedia.org/resource/Faithless
http://el.dbpedia.org/resource/Faithless,http://et.dbpedia.org/resource/Faithless
http://el.dbpedia.org/resource/Faithless,http://fa.dbpedia.org/resource/فیتلس
http://el.dbpedia.org/resource/Faithless,http://fi.dbpedia.org/resource/Faithless
http://el.dbpedia.org/resource/Faithless,http://fr.dbpedia.org/resource/Faithless
http://el.dbpedia.org/resource/Faithless,http://he.dbpedia.org/resource/פיית'לס
http://el.dbpedia.org/resource/Faithless,http://it.dbpedia.org/resource/Faithless
http://el.dbpedia.org/resource/Faithless,http://ja.dbpedia.org/resource/フェイスレス_(バンド)
http://el.dbpedia.org/resource/Faithless,http://ka.dbpedia.org/resource/Faithless
http://el.dbpedia.org/resource/Faithless,http://mk.dbpedia.org/resource/Faithless
http://el.dbpedia.org/resource/Faithless,http://nl.dbpedia.org/resource/Faithless
http://el.dbpedia.org/resource/Faithless,http://pl.dbpedia.org/resource/Faithless
http://el.dbpedia.org/resource/Faithless,http://pt.dbpedia.org/resource/Faithless
http://el.dbpedia.org/resource/Faithless,http://ro.dbpedia.org/resource/Faithless
http://el.dbpedia.org/resource/Faithless,http://ru.dbpedia.org/resource/Faithless
http://el.dbpedia.org/resource/Faithless,http://sk.dbpedia.org/resource/Faithless
http://el.dbpedia.org/resource/Faithless,http://sr.dbpedia.org/resource/Faithless
http://el.dbpedia.org/resource/Faithless,http://sv.dbpedia.org/resource/Faithless
http://el.dbpedia.org/resource/Faithless,http://th.dbpedia.org/resource/เฟธเลส
http://el.dbpedia.org/resource/Faithless,http://tr.dbpedia.org/resource/Faithless_(müzik_grubu)
http://el.dbpedia.org/resource/Faithless,http://www.wikidata.org/entity/Q542071
http://es.dbpedia.org/resource/Faithless,http://et.dbpedia.org/resource/Faithless
http://es.dbpedia.org/resource/Faithless,http://fa.dbpedia.org/resource/فیتلس
http://es.dbpedia.org/resource/Faithless,http://fi.dbpedia.org/resource/Faithless
http://es.dbpedia.org/resource/Faithless,http://fr.dbpedia.org/resource/Faithless
http://es.dbpedia.org/resource/Faithless,http://he.dbpedia.org/resource/פיית'לס
http://es.dbpedia.org/resource/Faithless,http://it.dbpedia.org/resource/Faithless
http://es.dbpedia.org/resource/Faithless,http://ja.dbpedia.org/resource/フェイスレス_(バンド)
http://es.dbpedia.org/resource/Faithless,http://ka.dbpedia.org/resource/Faithless
http://es.dbpedia.org/resource/Faithless,http://mk.dbpedia.org/resource/Faithless
http://es.dbpedia.org/resource/Faithless,http://nl.dbpedia.org/resource/Faithless
http://es.dbpedia.org/resource/Faithless,http://pl.dbpedia.org/resource/Faithless
http://es.dbpedia.org/resource/Faithless,http://pt.dbpedia.org/resource/Faithless
http://es.dbpedia.org/resource/Faithless,http://rdf.freebase.com/ns/m.01kqt5
http://es.dbpedia.org/resource/Faithless,http://ro.dbpedia.org/resource/Faithless
http://es.dbpedia.org/resource/Faithless,http://ru.dbpedia.org/resource/Faithless
http://es.dbpedia.org/resource/Faithless,http://sk.dbpedia.org/resource/Faithless
http://es.dbpedia.org/resource/Faithless,http://sr.dbpedia.org/resource/Faithless
http://es.dbpedia.org/resource/Faithless,http://sv.dbpedia.org/resource/Faithless
http://es.dbpedia.org/resource/Faithless,http://th.dbpedia.org/resource/เฟธเลส
http://es.dbpedia.org/resource/Faithless,http://tr.dbpedia.org/resource/Faithless_(müzik_grubu)
http://es.dbpedia.org/resource/Faithless,http://www.wikidata.org/entity/Q542071
http://et.dbpedia.org/resource/Faithless,http://fa.dbpedia.org/resource/فیتلس
http://et.dbpedia.org/resource/Faithless,http://fi.dbpedia.org/resource/Faithless
http://et.dbpedia.org/resource/Faithless,http://fr.dbpedia.org/resource/Faithless
http://et.dbpedia.org/resource/Faithless,http://he.dbpedia.org/resource/פיית'לס
http://et.dbpedia.org/resource/Faithless,http://it.dbpedia.org/resource/Faithless
http://et.dbpedia.org/resource/Faithless,http://ja.dbpedia.org/resource/フェイスレス_(バンド)
http://et.dbpedia.org/resource/Faithless,http://ka.dbpedia.org/resource/Faithless
http://et.dbpedia.org/resource/Faithless,http://mk.dbpedia.org/resource/Faithless
http://et.dbpedia.org/resource/Faithless,http://nl.dbpedia.org/resource/Faithless
http://et.dbpedia.org/resource/Faithless,http://pl.dbpedia.org/resource/Faithless
http://et.dbpedia.org/resource/Faithless,http://pt.dbpedia.org/resource/Faithless
http://et.dbpedia.org/resource/Faithless,http://ro.dbpedia.org/resource/Faithless
http://et.dbpedia.org/resource/Faithless,http://ru.dbpedia.org/resource/Faithless
http://et.dbpedia.org/resource/Faithless,http://sk.dbpedia.org/resource/Faithless
http://et.dbpedia.org/resource/Faithless,http://sr.dbpedia.org/resource/Faithless
http://et.dbpedia.org/resource/Faithless,http://sv.dbpedia.org/resource/Faithless
http://et.dbpedia.org/resource/Faithless,http://th.dbpedia.org/resource/เฟธเลส
http://et.dbpedia.org/resource/Faithless,http://tr.dbpedia.org/resource/Faithless_(müzik_grubu)
http://et.dbpedia.org/resource/Faithless,http://www.wikidata.org/entity/Q542071
http://fa.dbpedia.org/resource/%D9%81%DB%8C%D8%AA%D9%84%D8%B3,http://fa.dbpedia.org/resource/فیتلس
http://fa.dbpedia.org/resource/فیتلس,http://fi.dbpedia.org/resource/Faithless
http://fa.dbpedia.org/resource/فیتلس,http://fr.dbpedia.org/resource/Faithless
http://fa.dbpedia.org/resource/فیتلس,http://he.dbpedia.org/resource/פיית'לס
http://fa.dbpedia.org/resource/فیتلس,http://it.dbpedia.org/resource/Faithless
http://fa.dbpedia.org/resource/فیتلس,http://ja.dbpedia.org/resource/フェイスレス_(バンド)
http://fa.dbpedia.org/resource/فیتلس,http://ka.dbpedia.org/resource/Faithless
http://fa.dbpedia.org/resource/فیتلس,http://mk.dbpedia.org/resource/Faithless
http://fa.dbpedia.org/resource/فیتلس,http://nl.dbpedia.org/resource/Faithless
http://fa.dbpedia.org/resource/فیتلس,http://pl.dbpedia.org/resource/Faithless
http://fa.dbpedia.org/resource/فیتلس,http://pt.dbpedia.org/resource/Faithless
http://fa.dbpedia.org/resource/فیتلس,http://rdf.freebase.com/ns/m.01kqt5
http://fa.dbpedia.org/resource/فیتلس,http://ro.dbpedia.org/resource/Faithless
http://fa.dbpedia.org/resource/فیتلس,http://ru.dbpedia.org/resource/Faithless
http://fa.dbpedia.org/resource/فیتلس,http://sk.dbpedia.org/resource/Faithless
http://fa.dbpedia.org/resource/فیتلس,http://sr.dbpedia.org/resource/Faithless
http://fa.dbpedia.org/resource/فیتلس,http://sv.dbpedia.org/resource/Faithless
http://fa.dbpedia.org/resource/فیتلس,http://th.dbpedia.org/resource/เฟธเลส
http://fa.dbpedia.org/resource/فیتلس,http://tr.dbpedia.org/resource/Faithless_(müzik_grubu)
http://fa.dbpedia.org/resource/فیتلس,http://www.wikidata.org/entity/Q542071
http://fi.dbpedia.org/resource/Faithless,http://fr.dbpedia.org/resource/Faithless
http://fi.dbpedia.org/resource/Faithless,http://he.dbpedia.org/resource/פיית'לס
http://fi.dbpedia.org/resource/Faithless,http://it.dbpedia.org/resource/Faithless
http://fi.dbpedia.org/resource/Faithless,http://ja.dbpedia.org/resource/フェイスレス_(バンド)
http://fi.dbpedia.org/resource/Faithless,http://ka.dbpedia.org/resource/Faithless
http://fi.dbpedia.org/resource/Faithless,http://mk.dbpedia.org/resource/Faithless
http://fi.dbpedia.org/resource/Faithless,http://nl.dbpedia.org/resource/Faithless
http://fi.dbpedia.org/resource/Faithless,http://pl.dbpedia.org/resource/Faithless
http://fi.dbpedia.org/resource/Faithless,http://pt.dbpedia.org/resource/Faithless
http://fi.dbpedia.org/resource/Faithless,http://rdf.freebase.com/ns/m.01kqt5
http://fi.dbpedia.org/resource/Faithless,http://ro.dbpedia.org/resource/Faithless
http://fi.dbpedia.org/resource/Faithless,http://ru.dbpedia.org/resource/Faithless
http://fi.dbpedia.org/resource/Faithless,http://sk.dbpedia.org/resource/Faithless
http://fi.dbpedia.org/resource/Faithless,http://sr.dbpedia.org/resource/Faithless
http://fi.dbpedia.org/resource/Faithless,http://sv.dbpedia.org/resource/Faithless
http://fi.dbpedia.org/resource/Faithless,http://th.dbpedia.org/resource/เฟธเลส
http://fi.dbpedia.org/resource/Faithless,http://tr.dbpedia.org/resource/Faithless_(müzik_grubu)
http://fi.dbpedia.org/resource/Faithless,http://www.wikidata.org/entity/Q542071
http://fr.dbpedia.org/resource/Faithless,http://he.dbpedia.org/resource/פיית'לס
http://fr.dbpedia.org/resource/Faithless,http://it.dbpedia.org/resource/Faithless
http://fr.dbpedia.org/resource/Faithless,http://ja.dbpedia.org/resource/フェイスレス_(バンド)
http://fr.dbpedia.org/resource/Faithless,http://ka.dbpedia.org/resource/Faithless
http://fr.dbpedia.org/resource/Faithless,http://mk.dbpedia.org/resource/Faithless
http://fr.dbpedia.org/resource/Faithless,http://nl.dbpedia.org/resource/Faithless
http://fr.dbpedia.org/resource/Faithless,http://pl.dbpedia.org/resource/Faithless
http://fr.dbpedia.org/resource/Faithless,http://pt.dbpedia.org/resource/Faithless
http://fr.dbpedia.org/resource/Faithless,http://rdf.freebase.com/ns/m.01kqt5
http://fr.dbpedia.org/resource/Faithless,http://ro.dbpedia.org/resource/Faithless
http://fr.dbpedia.org/resource/Faithless,http://ru.dbpedia.org/resource/Faithless
http://fr.dbpedia.org/resource/Faithless,http://sk.dbpedia.org/resource/Faithless
http://fr.dbpedia.org/resource/Faithless,http://sr.dbpedia.org/resource/Faithless
http://fr.dbpedia.org/resource/Faithless,http://sv.dbpedia.org/resource/Faithless
http://fr.dbpedia.org/resource/Faithless,http://th.dbpedia.org/resource/เฟธเลส
http://fr.dbpedia.org/resource/Faithless,http://tr.dbpedia.org/resource/Faithless_(müzik_grubu)
http://fr.dbpedia.org/resource/Faithless,http://www.wikidata.org/entity/Q542071
http://he.dbpedia.org/resource/%D7%A4%D7%99%D7%99%D7%AA'%D7%9C%D7%A1,http://he.dbpedia.org/resource/פיית'לס
http://he.dbpedia.org/resource/פיית'לס,http://it.dbpedia.org/resource/Faithless
http://he.dbpedia.org/resource/פיית'לס,http://ja.dbpedia.org/resource/フェイスレス_(バンド)
http://he.dbpedia.org/resource/פיית'לס,http://ka.dbpedia.org/resource/Faithless
http://he.dbpedia.org/resource/פיית'לס,http://mk.dbpedia.org/resource/Faithless
http://he.dbpedia.org/resource/פיית'לס,http://nl.dbpedia.org/resource/Faithless
http://he.dbpedia.org/resource/פיית'לס,http://pl.dbpedia.org/resource/Faithless
http://he.dbpedia.org/resource/פיית'לס,http://pt.dbpedia.org/resource/Faithless
http://he.dbpedia.org/resource/פיית'לס,http://rdf.freebase.com/ns/m.01kqt5
http://he.dbpedia.org/resource/פיית'לס,http://ro.dbpedia.org/resource/Faithless
http://he.dbpedia.org/resource/פיית'לס,http://ru.dbpedia.org/resource/Faithless
http://he.dbpedia.org/resource/פיית'לס,http://sk.dbpedia.org/resource/Faithless
http://he.dbpedia.org/resource/פיית'לס,http://sr.dbpedia.org/resource/Faithless
http://he.dbpedia.org/resource/פיית'לס,http://sv.dbpedia.org/resource/Faithless
http://he.dbpedia.org/resource/פיית'לס,http://th.dbpedia.org/resource/เฟธเลส
http://he.dbpedia.org/resource/פיית'לס,http://tr.dbpedia.org/resource/Faithless_(müzik_grubu)
http://he.dbpedia.org/resource/פיית'לס,http://www.wikidata.org/entity/Q542071
http://it.dbpedia.org/resource/Faithless,http://ja.dbpedia.org/resource/フェイスレス_(バンド)
http://it.dbpedia.org/resource/Faithless,http://ka.dbpedia.org/resource/Faithless
http://it.dbpedia.org/resource/Faithless,http://mk.dbpedia.org/resource/Faithless
http://it.dbpedia.org/resource/Faithless,http://nl.dbpedia.org/resource/Faithless
http://it.dbpedia.org/resource/Faithless,http://pl.dbpedia.org/resource/Faithless
http://it.dbpedia.org/resource/Faithless,http://pt.dbpedia.org/resource/Faithless
http://it.dbpedia.org/resource/Faithless,http://rdf.freebase.com/ns/m.01kqt5
http://it.dbpedia.org/resource/Faithless,http://ro.dbpedia.org/resource/Faithless
http://it.dbpedia.org/resource/Faithless,http://ru.dbpedia.org/resource/Faithless
http://it.dbpedia.org/resource/Faithless,http://sk.dbpedia.org/resource/Faithless
http://it.dbpedia.org/resource/Faithless,http://sr.dbpedia.org/resource/Faithless
http://it.dbpedia.org/resource/Faithless,http://sv.dbpedia.org/resource/Faithless
http://it.dbpedia.org/resource/Faithless,http://th.dbpedia.org/resource/เฟธเลส
http://it.dbpedia.org/resource/Faithless,http://tr.dbpedia.org/resource/Faithless_(müzik_grubu)
http://it.dbpedia.org/resource/Faithless,http://www.wikidata.org/entity/Q542071
http://ja.dbpedia.org/resource/%E3%83%95%E3%82%A7%E3%82%A4%E3%82%B9%E3%83%AC%E3%82%B9_(%E3%83%90%E3%83%B3%E3%83%89),http://ja.dbpedia.org/resource/フェイスレス_(バンド)
http://ja.dbpedia.org/resource/フェイスレス_(バンド),http://ka.dbpedia.org/resource/Faithless
http://ja.dbpedia.org/resource/フェイスレス_(バンド),http://mk.dbpedia.org/resource/Faithless
http://ja.dbpedia.org/resource/フェイスレス_(バンド),http://nl.dbpedia.org/resource/Faithless
http://ja.dbpedia.org/resource/フェイスレス_(バンド),http://pl.dbpedia.org/resource/Faithless
http://ja.dbpedia.org/resource/フェイスレス_(バンド),http://pt.dbpedia.org/resource/Faithless
http://ja.dbpedia.org/resource/フェイスレス_(バンド),http://rdf.freebase.com/ns/m.01kqt5
http://ja.dbpedia.org/resource/フェイスレス_(バンド),http://ro.dbpedia.org/resource/Faithless
http://ja.dbpedia.org/resource/フェイスレス_(バンド),http://ru.dbpedia.org/resource/Faithless
http://ja.dbpedia.org/resource/フェイスレス_(バンド),http://sk.dbpedia.org/resource/Faithless
http://ja.dbpedia.org/resource/フェイスレス_(バンド),http://sr.dbpedia.org/resource/Faithless
http://ja.dbpedia.org/resource/フェイスレス_(バンド),http://sv.dbpedia.org/resource/Faithless
http://ja.dbpedia.org/resource/フェイスレス_(バンド),http://th.dbpedia.org/resource/เฟธเลส
http://ja.dbpedia.org/resource/フェイスレス_(バンド),http://tr.dbpedia.org/resource/Faithless_(müzik_grubu)
http://ja.dbpedia.org/resource/フェイスレス_(バンド),http://www.wikidata.org/entity/Q542071
http://ka.dbpedia.org/resource/Faithless,http://mk.dbpedia.org/resource/Faithless
http://ka.dbpedia.org/resource/Faithless,http://nl.dbpedia.org/resource/Faithless
http://ka.dbpedia.org/resource/Faithless,http://pl.dbpedia.org/resource/Faithless
http://ka.dbpedia.org/resource/Faithless,http://pt.dbpedia.org/resource/Faithless
http://ka.dbpedia.org/resource/Faithless,http://ro.dbpedia.org/resource/Faithless
http://ka.dbpedia.org/resource/Faithless,http://ru.dbpedia.org/resource/Faithless
http://ka.dbpedia.org/resource/Faithless,http://sk.dbpedia.org/resource/Faithless
http://ka.dbpedia.org/resource/Faithless,http://sr.dbpedia.org/resource/Faithless
http://ka.dbpedia.org/resource/Faithless,http://sv.dbpedia.org/resource/Faithless
http://ka.dbpedia.org/resource/Faithless,http://th.dbpedia.org/resource/เฟธเลส
http://ka.dbpedia.org/resource/Faithless,http://tr.dbpedia.org/resource/Faithless_(müzik_grubu)
http://ka.dbpedia.org/resource/Faithless,http://www.wikidata.org/entity/Q542071
http://lodlaundromat.org/.well-known/genid/05617a84f8a571dac7ab53acdfd7daa3#genid185xxhttpx3Ax2Fx2Fdbtunex2Eorgx2Flastx2Dfmx2Fmerrypetalx2Erdf,http://zitgist.com/music/artist/23d9d74d-c95e-46a6-be26-a6075c49747a
http://lodlaundromat.org/.well-known/genid/05617a84f8a571dac7ab53acdfd7daa3#genid195xxhttpx3Ax2Fx2Fdbtunex2Eorgx2Flastx2Dfmx2FCounterFramex2Erdf,http://zitgist.com/music/artist/23d9d74d-c95e-46a6-be26-a6075c49747a
http://lodlaundromat.org/.well-known/genid/056f3a95060e802392225394886ba876#genid82xxhttpx3Ax2Fx2Fdbtunex2Eorgx2Flastx2Dfmx2Finfestchrisx2Erdf,http://zitgist.com/music/artist/23d9d74d-c95e-46a6-be26-a6075c49747a
http://lodlaundromat.org/.well-known/genid/08cf78f3701cf4418a08aeda069f2afb#genid10httpx3Ax2Fx2Fdbtunex2Eorgx2Flastx2Dfmx2Fehongbox2Erdf,http://zitgist.com/music/artist/23d9d74d-c95e-46a6-be26-a6075c49747a
http://lodlaundromat.org/.well-known/genid/08cf78f3701cf4418a08aeda069f2afb#genid111httpx3Ax2Fx2Fdbtunex2Eorgx2Flastx2Dfmx2Fhappyfishx78x2Erdf,http://zitgist.com/music/artist/23d9d74d-c95e-46a6-be26-a6075c49747a
http://lodlaundromat.org/.well-known/genid/0bc19e4b3998b72a1566c0ffa8a86393#genid55xxhttpx3Ax2Fx2Fdbtunex2Eorgx2Flastx2Dfmx2FOytunMx2Erdf,http://zitgist.com/music/artist/23d9d74d-c95e-46a6-be26-a6075c49747a
http://lodlaundromat.org/.well-known/genid/0e389606e4633a60617ac76b23d91d31#genid112xxhttpx3Ax2Fx2Fdbtunex2Eorgx2Flastx2Dfmx2Fkiemasanx2Erdf,http://zitgist.com/music/artist/23d9d74d-c95e-46a6-be26-a6075c49747a
http://lodlaundromat.org/.well-known/genid/0e389606e4633a60617ac76b23d91d31#genid30xxhttpx3Ax2Fx2Fdbtunex2Eorgx2Flastx2Dfmx2Fmafx5Fangelx2Erdf,http://zitgist.com/music/artist/23d9d74d-c95e-46a6-be26-a6075c49747a
http://lodlaundromat.org/.well-known/genid/12c63a34627e2a05a44de52f00a1815e#genid153xxhttpx3Ax2Fx2Fdbtunex2Eorgx2Flastx2Dfmx2FPorygonex2Erdf,http://zitgist.com/music/artist/23d9d74d-c95e-46a6-be26-a6075c49747a
http://lodlaundromat.org/.well-known/genid/15354f1ff37372881f5dc8e853bdd32a#genid73xxhttpx3Ax2Fx2Fdbtunex2Eorgx2Flastx2Dfmx2FBerbelax2Erdf,http://zitgist.com/music/artist/23d9d74d-c95e-46a6-be26-a6075c49747a
http://lodlaundromat.org/.well-known/genid/186b3796f5f033e79cbbb3ddb699ca43#genid103httpx3Ax2Fx2Fdbtunex2Eorgx2Flastx2Dfmx2Fhyridex2Erdf,http://zitgist.com/music/artist/23d9d74d-c95e-46a6-be26-a6075c49747a
http://lodlaundromat.org/.well-known/genid/186b3796f5f033e79cbbb3ddb699ca43#genid108httpx3Ax2Fx2Fdbtunex2Eorgx2Flastx2Dfmx2Fhappyfishx78x2Erdf,http://zitgist.com/music/artist/23d9d74d-c95e-46a6-be26-a6075c49747a
http://lodlaundromat.org/.well-known/genid/186b3796f5f033e79cbbb3ddb699ca43#genid13httpx3Ax2Fx2Fdbtunex2Eorgx2Flastx2Dfmx2Fpennyx5Fwishesx2Erdf,http://zitgist.com/music/artist/23d9d74d-c95e-46a6-be26-a6075c49747a
http://lodlaundromat.org/.well-known/genid/1b3398db6c0090f7a4dfb5455032e263#genid127xxhttpx3Ax2Fx2Fdbtunex2Eorgx2Flastx2Dfmx2FKonstantex2Erdf,http://zitgist.com/music/artist/23d9d74d-c95e-46a6-be26-a6075c49747a
http://lodlaundromat.org/.well-known/genid/1b3398db6c0090f7a4dfb5455032e263#genid166xxhttpx3Ax2Fx2Fdbtunex2Eorgx2Flastx2Dfmx2FSullivan11x2Erdf,http://zitgist.com/music/artist/23d9d74d-c95e-46a6-be26-a6075c49747a
http://lodlaundromat.org/.well-known/genid/1b3398db6c0090f7a4dfb5455032e263#genid216xxhttpx3Ax2Fx2Fdbtunex2Eorgx2Flastx2Dfmx2Fmassimoc821x2Erdf,http://zitgist.com/music/artist/23d9d74d-c95e-46a6-be26-a6075c49747a
http://lodlaundromat.org/.well-known/genid/1ef23be7ba54c028c67a4b184c0ad519#genid136xxhttpx3Ax2Fx2Fdbtunex2Eorgx2Flastx2Dfmx2Fzyrax78essx2Erdf,http://zitgist.com/music/artist/23d9d74d-c95e-46a6-be26-a6075c49747a
http://lodlaundromat.org/.well-known/genid/23b57567ec57ee0dec5e485be3fe333d#genid74xxhttpx3Ax2Fx2Fdbtunex2Eorgx2Flastx2Dfmx2Fhaemoglobinkx2Erdf,http://zitgist.com/music/artist/23d9d74d-c95e-46a6-be26-a6075c49747a
http://lodlaundromat.org/.well-known/genid/23b57567ec57ee0dec5e485be3fe333d#genid8xxhttpx3Ax2Fx2Fdbtunex2Eorgx2Flastx2Dfmx2FUBunitbluex2Erdf,http://zitgist.com/music/artist/23d9d74d-c95e-46a6-be26-a6075c49747a
http://lodlaundromat.org/.well-known/genid/24c1f5825e0d276a96dfe11f37b98328#genid137xxhttpx3Ax2Fx2Fdbtunex2Eorgx2Flastx2Dfmx2FBoogee358x2Erdf,http://zitgist.com/music/artist/23d9d74d-c95e-46a6-be26-a6075c49747a
http://lodlaundromat.org/.well-known/genid/24f23caf03fe94b22d1d33f034047a9e#genid258xxhttpx3Ax2Fx2Fdbtunex2Eorgx2Flastx2Dfmx2FXx5FFISHx2Erdf,http://zitgist.com/music/artist/23d9d74d-c95e-46a6-be26-a6075c49747a
http://lodlaundromat.org/.well-known/genid/24f23caf03fe94b22d1d33f034047a9e#genid261xxhttpx3Ax2Fx2Fdbtunex2Eorgx2Flastx2Dfmx2FXx5FFISHx2Erdf,http://zitgist.com/music/artist/23d9d74d-c95e-46a6-be26-a6075c49747a
http://lodlaundromat.org/.well-known/genid/24f23caf03fe94b22d1d33f034047a9e#genid264xxhttpx3Ax2Fx2Fdbtunex2Eorgx2Flastx2Dfmx2FXx5FFISHx2Erdf,http://zitgist.com/music/artist/23d9d74d-c95e-46a6-be26-a6075c49747a
http://lodlaundromat.org/.well-known/genid/24f23caf03fe94b22d1d33f034047a9e#genid267xxhttpx3Ax2Fx2Fdbtunex2Eorgx2Flastx2Dfmx2FXx5FFISHx2Erdf,http://zitgist.com/music/artist/23d9d74d-c95e-46a6-be26-a6075c49747a
http://lodlaundromat.org/.well-known/genid/24f23caf03fe94b22d1d33f034047a9e#genid281xxhttpx3Ax2Fx2Fdbtunex2Eorgx2Flastx2Dfmx2Fkatydix78onx2Erdf,http://zitgist.com/music/artist/23d9d74d-c95e-46a6-be26-a6075c49747a
http://lodlaundromat.org/.well-known/genid/24f23caf03fe94b22d1d33f034047a9e#genid292xxhttpx3Ax2Fx2Fdbtunex2Eorgx2Flastx2Dfmx2Fjennyhurleyx2Erdf,http://zitgist.com/music/artist/23d9d74d-c95e-46a6-be26-a6075c49747a
http://lodlaundromat.org/.well-known/genid/287b8cfd57ce8359a3096776a268a26b#genid275xxhttpx3Ax2Fx2Fdbtunex2Eorgx2Flastx2Dfmx2Fmariochanx2Erdf,http://zitgist.com/music/artist/23d9d74d-c95e-46a6-be26-a6075c49747a
http://lodlaundromat.org/.well-known/genid/2907c161ce8058a0ab9380c3a8396c7f#genid270xxhttpx3Ax2Fx2Fdbtunex2Eorgx2Flastx2Dfmx2FCammarrox2Erdf,http://zitgist.com/music/artist/23d9d74d-c95e-46a6-be26-a6075c49747a
http://lodlaundromat.org/.well-known/genid/2907c161ce8058a0ab9380c3a8396c7f#genid273xxhttpx3Ax2Fx2Fdbtunex2Eorgx2Flastx2Dfmx2FCammarrox2Erdf,http://zitgist.com/music/artist/23d9d74d-c95e-46a6-be26-a6075c49747a
http://lodlaundromat.org/.well-known/genid/2907c161ce8058a0ab9380c3a8396c7f#genid276xxhttpx3Ax2Fx2Fdbtunex2Eorgx2Flastx2Dfmx2FCammarrox2Erdf,http://zitgist.com/music/artist/23d9d74d-c95e-46a6-be26-a6075c49747a
http://lodlaundromat.org/.well-known/genid/2907c161ce8058a0ab9380c3a8396c7f#genid279xxhttpx3Ax2Fx2Fdbtunex2Eorgx2Flastx2Dfmx2FCammarrox2Erdf,http://zitgist.com/music/artist/23d9d74d-c95e-46a6-be26-a6075c49747a
http://lodlaundromat.org/.well-known/genid/2907c161ce8058a0ab9380c3a8396c7f#genid282xxhttpx3Ax2Fx2Fdbtunex2Eorgx2Flastx2Dfmx2FCammarrox2Erdf,http://zitgist.com/music/artist/23d9d74d-c95e-46a6-be26-a6075c49747a
http://lodlaundromat.org/.well-known/genid/2907c161ce8058a0ab9380c3a8396c7f#genid285xxhttpx3Ax2Fx2Fdbtunex2Eorgx2Flastx2Dfmx2FCammarrox2Erdf,http://zitgist.com/music/artist/23d9d74d-c95e-46a6-be26-a6075c49747a
http://lodlaundromat.org/.well-known/genid/2907c161ce8058a0ab9380c3a8396c7f#genid288xxhttpx3Ax2Fx2Fdbtunex2Eorgx2Flastx2Dfmx2FCammarrox2Erdf,http://zitgist.com/music/artist/23d9d74d-c95e-46a6-be26-a6075c49747a
http://lodlaundromat.org/.well-known/genid/2907c161ce8058a0ab9380c3a8396c7f#genid291xxhttpx3Ax2Fx2Fdbtunex2Eorgx2Flastx2Dfmx2FCammarrox2Erdf,http://zitgist.com/music/artist/23d9d74d-c95e-46a6-be26-a6075c49747a
http://lodlaundromat.org/.well-known/genid/2907c161ce8058a0ab9380c3a8396c7f#genid32xxhttpx3Ax2Fx2Fdbtunex2Eorgx2Flastx2Dfmx2FLittleO2x2Erdf,http://zitgist.com/music/artist/23d9d74d-c95e-46a6-be26-a6075c49747a
http://lodlaundromat.org/.well-known/genid/2c5e3e831f84f3c6a7ee9a5f9449822c#genid20httpx3Ax2Fx2Fdbtunex2Eorgx2Flastx2Dfmx2FDanteNPx2Erdf,http://zitgist.com/music/artist/23d9d74d-c95e-46a6-be26-a6075c49747a
http://lodlaundromat.org/.well-known/genid/2c5e3e831f84f3c6a7ee9a5f9449822c#genid22httpx3Ax2Fx2Fdbtunex2Eorgx2Flastx2Dfmx2FWhatx5FThex5FHellx2Erdf,http://zitgist.com/music/artist/23d9d74d-c95e-46a6-be26-a6075c49747a
http://lodlaundromat.org/.well-known/genid/2c5e3e831f84f3c6a7ee9a5f9449822c#genid22httpx3Ax2Fx2Fdbtunex2Eorgx2Flastx2Dfmx2Ffrancydepx2Erdf,http://zitgist.com/music/artist/23d9d74d-c95e-46a6-be26-a6075c49747a
http://lodlaundromat.org/.well-known/genid/2c5e3e831f84f3c6a7ee9a5f9449822c#genid25httpx3Ax2Fx2Fdbtunex2Eorgx2Flastx2Dfmx2FKemio17x2Erdf,http://zitgist.com/music/artist/23d9d74d-c95e-46a6-be26-a6075c49747a
http://lodlaundromat.org/.well-known/genid/2c5e3e831f84f3c6a7ee9a5f9449822c#genid25httpx3Ax2Fx2Fdbtunex2Eorgx2Flastx2Dfmx2FLhamux2Erdf,http://zitgist.com/music/artist/23d9d74d-c95e-46a6-be26-a6075c49747a
http://lodlaundromat.org/.well-known/genid/2c5e3e831f84f3c6a7ee9a5f9449822c#genid25httpx3Ax2Fx2Fdbtunex2Eorgx2Flastx2Dfmx2FVx2DTeqx2Erdf,http://zitgist.com/music/artist/23d9d74d-c95e-46a6-be26-a6075c49747a
http://lodlaundromat.org/.well-known/genid/2c5e3e831f84f3c6a7ee9a5f9449822c#genid25httpx3Ax2Fx2Fdbtunex2Eorgx2Flastx2Dfmx2Fpennyx5Fwishesx2Erdf,http://zitgist.com/music/artist/23d9d74d-c95e-46a6-be26-a6075c49747a
http://lodlaundromat.org/.well-known/genid/2c5e3e831f84f3c6a7ee9a5f9449822c#genid26httpx3Ax2Fx2Fdbtunex2Eorgx2Flastx2Dfmx2Fkohschooleyx2Erdf,http://zitgist.com/music/artist/23d9d74d-c95e-46a6-be26-a6075c49747a
http://lodlaundromat.org/.well-known/genid/2c5e3e831f84f3c6a7ee9a5f9449822c#genid26httpx3Ax2Fx2Fdbtunex2Eorgx2Flastx2Dfmx2Fkouhex2Erdf,http://zitgist.com/music/artist/23d9d74d-c95e-46a6-be26-a6075c49747a
http://lodlaundromat.org/.well-known/genid/2c5e3e831f84f3c6a7ee9a5f9449822c#genid28httpx3Ax2Fx2Fdbtunex2Eorgx2Flastx2Dfmx2Fehongbox2Erdf,http://zitgist.com/music/artist/23d9d74d-c95e-46a6-be26-a6075c49747a
http://lodlaundromat.org/.well-known/genid/2d7c5642fc26918a28c8dbb37feaf723#genid56xxhttpx3Ax2Fx2Fdbtunex2Eorgx2Flastx2Dfmx2FAudiofeelinex2Erdf,http://zitgist.com/music/artist/23d9d74d-c95e-46a6-be26-a6075c49747a
http://lodlaundromat.org/.well-known/genid/2ddcf28649738dde4ef3cce7085fcadc#genid39httpx3Ax2Fx2Fdbtunex2Eorgx2Flastx2Dfmx2Fdidorianx2Dknightx2Erdf,http://zitgist.com/music/artist/23d9d74d-c95e-46a6-be26-a6075c49747a
http://lodlaundromat.org/.well-known/genid/2ddcf28649738dde4ef3cce7085fcadc#genid46httpx3Ax2Fx2Fdbtunex2Eorgx2Flastx2Dfmx2Fmargebouvierx2Erdf,http://zitgist.com/music/artist/23d9d74d-c95e-46a6-be26-a6075c49747a
http://lodlaundromat.org/.well-known/genid/2ddcf28649738dde4ef3cce7085fcadc#genid57httpx3Ax2Fx2Fdbtunex2Eorgx2Flastx2Dfmx2FVolkeNx5FEx2Erdf,http://zitgist.com/music/artist/23d9d74d-c95e-46a6-be26-a6075c49747a
http://lodlaundromat.org/.well-known/genid/2e42d84ccae7ad597456e6ab01f598f9#genid64xxhttpx3Ax2Fx2Fdbtunex2Eorgx2Flastx2Dfmx2FDJx5FSERCANx2Erdf,http://zitgist.com/music/artist/23d9d74d-c95e-46a6-be26-a6075c49747a
http://lodlaundromat.org/.well-known/genid/2f17bb79558647982a07ebfed5b0751d#genid117xxhttpx3Ax2Fx2Fdbtunex2Eorgx2Flastx2Dfmx2FSojikx2Erdf,http://zitgist.com/music/artist/23d9d74d-c95e-46a6-be26-a6075c49747a
http://lodlaundromat.org/.well-known/genid/30b85bf91cd07192f533078026d8eeda#genid164xxhttpx3Ax2Fx2Fdbtunex2Eorgx2Flastx2Dfmx2Fanigweix2Erdf,http://zitgist.com/music/artist/23d9d74d-c95e-46a6-be26-a6075c49747a
http://lodlaundromat.org/.well-known/genid/34672142f034771515d17155e23bb1ed#genid16httpx3Ax2Fx2Fdbtunex2Eorgx2Flastx2Dfmx2Fpennyx5Fwishesx2Erdf,http://zitgist.com/music/artist/23d9d74d-c95e-46a6-be26-a6075c49747a
http://lodlaundromat.org/.well-known/genid/34672142f034771515d17155e23bb1ed#genid17httpx3Ax2Fx2Fdbtunex2Eorgx2Flastx2Dfmx2FDanteNPx2Erdf,http://zitgist.com/music/artist/23d9d74d-c95e-46a6-be26-a6075c49747a
http://lodlaundromat.org/.well-known/genid/34672142f034771515d17155e23bb1ed#genid18httpx3Ax2Fx2Fdbtunex2Eorgx2Flastx2Dfmx2FAlvaro68x2Erdf,http://zitgist.com/music/artist/23d9d74d-c95e-46a6-be26-a6075c49747a
http://lodlaundromat.org/.well-known/genid/34672142f034771515d17155e23bb1ed#genid19httpx3Ax2Fx2Fdbtunex2Eorgx2Flastx2Dfmx2FMichaelx5FAligx2Erdf,http://zitgist.com/music/artist/23d9d74d-c95e-46a6-be26-a6075c49747a
http://lodlaundromat.org/.well-known/genid/36ee435c32319a1223a1f77d98c73582#genid89httpx3Ax2Fx2Fdbtunex2Eorgx2Flastx2Dfmx2Fdisfaithx2Erdf,http://zitgist.com/music/artist/23d9d74d-c95e-46a6-be26-a6075c49747a
http://lodlaundromat.org/.well-known/genid/3b131bd547734500d4ae2cc3a8f2e742#genid298xxhttpx3Ax2Fx2Fdbtunex2Eorgx2Flastx2Dfmx2Faltjirax2Erdf,http://zitgist.com/music/artist/23d9d74d-c95e-46a6-be26-a6075c49747a
http://lodlaundromat.org/.well-known/genid/3cc565f3ac3eb0ebcfd539d0a7f8fc68#genid7httpx3Ax2Fx2Fdbtunex2Eorgx2Flastx2Dfmx2Fehongbox2Erdf,http://zitgist.com/music/artist/23d9d74d-c95e-46a6-be26-a6075c49747a
http://lodlaundromat.org/.well-known/genid/3cc565f3ac3eb0ebcfd539d0a7f8fc68#genid92httpx3Ax2Fx2Fdbtunex2Eorgx2Flastx2Dfmx2Fdisfaithx2Erdf,http://zitgist.com/music/artist/23d9d74d-c95e-46a6-be26-a6075c49747a
http://lodlaundromat.org/.well-known/genid/40cf4314afed62090a6dd3f0eb2f53e0#genid235xxhttpx3Ax2Fx2Fdbtunex2Eorgx2Flastx2Dfmx2Fuichidx2Erdf,http://zitgist.com/music/artist/23d9d74d-c95e-46a6-be26-a6075c49747a
http://lodlaundromat.org/.well-known/genid/466b3313758e09c7a5e15988750acbcb#genid271xxhttpx3Ax2Fx2Fdbtunex2Eorgx2Flastx2Dfmx2FSJCookx2Erdf,http://zitgist.com/music/artist/23d9d74d-c95e-46a6-be26-a6075c49747a
http://lodlaundromat.org/.well-known/genid/46a5232e7353ddbb2c3b7d52716f3d01#genid48xxhttpx3Ax2Fx2Fdbtunex2Eorgx2Flastx2Dfmx2FMaeuenx2Erdf,http://zitgist.com/music/artist/23d9d74d-c95e-46a6-be26-a6075c49747a
http://lodlaundromat.org/.well-known/genid/46a5232e7353ddbb2c3b7d52716f3d01#genid54xxhttpx3Ax2Fx2Fdbtunex2Eorgx2Flastx2Dfmx2FMaeuenx2Erdf,http://zitgist.com/music/artist/23d9d74d-c95e-46a6-be26-a6075c49747a
http://lodlaundromat.org/.well-known/genid/46a909ddeb0828e9bc4aadd79d0dccaa#genid21httpx3Ax2Fx2Fdbtunex2Eorgx2Flastx2Dfmx2Fisyarhx2Erdf,http://zitgist.com/music/artist/23d9d74d-c95e-46a6-be26-a6075c49747a
http://lodlaundromat.org/.well-known/genid/46a909ddeb0828e9bc4aadd79d0dccaa#genid24httpx3Ax2Fx2Fdbtunex2Eorgx2Flastx2Dfmx2Flolalolinax2Erdf,http://zitgist.com/music/artist/23d9d74d-c95e-46a6-be26-a6075c49747a
http://lodlaundromat.org/.well-known/genid/46a909ddeb0828e9bc4aadd79d0dccaa#genid25httpx3Ax2Fx2Fdbtunex2Eorgx2Flastx2Dfmx2Fangelicax2Dmadridx2Erdf,http://zitgist.com/music/artist/23d9d74d-c95e-46a6-be26-a6075c49747a
http://lodlaundromat.org/.well-known/genid/46a909ddeb0828e9bc4aadd79d0dccaa#genid25httpx3Ax2Fx2Fdbtunex2Eorgx2Flastx2Dfmx2Fedie1x2Erdf,http://zitgist.com/music/artist/23d9d74d-c95e-46a6-be26-a6075c49747a
http://lodlaundromat.org/.well-known/genid/47099d2b3de146128af1eab5081c5710#genid85xxhttpx3Ax2Fx2Fdbtunex2Eorgx2Flastx2Dfmx2Fkremrolex2Erdf,http://zitgist.com/music/artist/23d9d74d-c95e-46a6-be26-a6075c49747a
http://lodlaundromat.org/.well-known/genid/47ed13a928d4f332ca0748d5c83198f4#genid17httpx3Ax2Fx2Fdbtunex2Eorgx2Flastx2Dfmx2FLeScandrettx2Erdf,http://zitgist.com/music/artist/23d9d74d-c95e-46a6-be26-a6075c49747a
http://lodlaundromat.org/.well-known/genid/47ed13a928d4f332ca0748d5c83198f4#genid19httpx3Ax2Fx2Fdbtunex2Eorgx2Flastx2Dfmx2Fpennyx5Fwishesx2Erdf,http://zitgist.com/music/artist/23d9d74d-c95e-46a6-be26-a6075c49747a
http://lodlaundromat.org/.well-known/genid/49e8740f4b95a6afff8f2396e1d2f00d#genid48httpx3Ax2Fx2Fdbtunex2Eorgx2Flastx2Dfmx2Fzacolx2Erdf,http://zitgist.com/music/artist/23d9d74d-c95e-46a6-be26-a6075c49747a
http://lodlaundromat.org/.well-known/genid/49e8740f4b95a6afff8f2396e1d2f00d#genid50httpx3Ax2Fx2Fdbtunex2Eorgx2Flastx2Dfmx2FGallagherx5FLiamx2Erdf,http://zitgist.com/music/artist/23d9d74d-c95e-46a6-be26-a6075c49747a
http://lodlaundromat.org/.well-known/genid/4bfce29445273abd8478ccc148b8a4a8#genid275xxhttpx3Ax2Fx2Fdbtunex2Eorgx2Flastx2Dfmx2FMalachia87x2Erdf,http://zitgist.com/music/artist/23d9d74d-c95e-46a6-be26-a6075c49747a
http://lodlaundromat.org/.well-known/genid/4bfce29445273abd8478ccc148b8a4a8#genid284xxhttpx3Ax2Fx2Fdbtunex2Eorgx2Flastx2Dfmx2FMalachia87x2Erdf,http://zitgist.com/music/artist/23d9d74d-c95e-46a6-be26-a6075c49747a
http://lodlaundromat.org/.well-known/genid/4f3f62799a3787a320d50f7baae0b78e#genid104httpx3Ax2Fx2Fdbtunex2Eorgx2Flastx2Dfmx2Fdisfaithx2Erdf,http://zitgist.com/music/artist/23d9d74d-c95e-46a6-be26-a6075c49747a
http://lodlaundromat.org/.well-known/genid/4f3f62799a3787a320d50f7baae0b78e#genid128httpx3Ax2Fx2Fdbtunex2Eorgx2Flastx2Dfmx2FEscaragascox2Erdf,http://zitgist.com/music/artist/23d9d74d-c95e-46a6-be26-a6075c49747a
http://lodlaundromat.org/.well-known/genid/4f3f62799a3787a320d50f7baae0b78e#genid19httpx3Ax2Fx2Fdbtunex2Eorgx2Flastx2Dfmx2FVx2DTeqx2Erdf,http://zitgist.com/music/artist/23d9d74d-c95e-46a6-be26-a6075c49747a
http://lodlaundromat.org/.well-known/genid/54068609d014ec0ffe822e3904cf1a34#genid260xxhttpx3Ax2Fx2Fdbtunex2Eorgx2Flastx2Dfmx2FGourielx2Erdf,http://zitgist.com/music/artist/23d9d74d-c95e-46a6-be26-a6075c49747a
http://lodlaundromat.org/.well-known/genid/54068609d014ec0ffe822e3904cf1a34#genid298xxhttpx3Ax2Fx2Fdbtunex2Eorgx2Flastx2Dfmx2FXanderdelix2Erdf,http://zitgist.com/music/artist/23d9d74d-c95e-46a6-be26-a6075c49747a
http://lodlaundromat.org/.well-known/genid/56f209a6b95d8255148579301e6736fa#genid20xxhttpx3Ax2Fx2Fdbtunex2Eorgx2Flastx2Dfmx2Fmalix2Ddjavax2Erdf,http://zitgist.com/music/artist/23d9d74d-c95e-46a6-be26-a6075c49747a
http://lodlaundromat.org/.well-known/genid/5916714cf82f4914de071f2f47d9d0c6#genid182xxhttpx3Ax2Fx2Fdbtunex2Eorgx2Flastx2Dfmx2Findecencyx2Erdf,http://zitgist.com/music/artist/23d9d74d-c95e-46a6-be26-a6075c49747a
http://lodlaundromat.org/.well-known/genid/5936e5148e56986fa6bead3e5519b718#node262xxhttpx3Ax2Fx2Fdbtunex2Eorgx2Flastx2Dfmx2Fchampagnex5Fmox2Erdf,http://zitgist.com/music/artist/23d9d74d-c95e-46a6-be26-a6075c49747a
http://lodlaundromat.org/.well-known/genid/5a42c8d0f90cf4339dca0f0e124a0732#genid254xxhttpx3Ax2Fx2Fdbtunex2Eorgx2Flastx2Dfmx2FANnA278x2Erdf,http://zitgist.com/music/artist/23d9d74d-c95e-46a6-be26-a6075c49747a
http://lodlaundromat.org/.well-known/genid/5a7bd0a73da5849386f4c67f6e45458d#genid226xxhttpx3Ax2Fx2Fdbtunex2Eorgx2Flastx2Dfmx2Fdudi666x2Erdf,http://zitgist.com/music/artist/23d9d74d-c95e-46a6-be26-a6075c49747a
http://lodlaundromat.org/.well-known/genid/5a7bd0a73da5849386f4c67f6e45458d#genid23xxhttpx3Ax2Fx2Fdbtunex2Eorgx2Flastx2Dfmx2Frafaelperesx2Erdf,http://zitgist.com/music/artist/23d9d74d-c95e-46a6-be26-a6075c49747a
http://lodlaundromat.org/.well-known/genid/5a7bd0a73da5849386f4c67f6e45458d#genid47xxhttpx3Ax2Fx2Fdbtunex2Eorgx2Flastx2Dfmx2Frafaelperesx2Erdf,http://zitgist.com/music/artist/23d9d74d-c95e-46a6-be26-a6075c49747a
http://lodlaundromat.org/.well-known/genid/5d080bbaba272b2e08a186d1820f1dc5#genid127xxhttpx3Ax2Fx2Fdbtunex2Eorgx2Flastx2Dfmx2FSUBARCTICAx2Erdf,http://zitgist.com/music/artist/23d9d74d-c95e-46a6-be26-a6075c49747a
http://lodlaundromat.org/.well-known/genid/5d080bbaba272b2e08a186d1820f1dc5#genid257xxhttpx3Ax2Fx2Fdbtunex2Eorgx2Flastx2Dfmx2FFargoethx2Erdf,http://zitgist.com/music/artist/23d9d74d-c95e-46a6-be26-a6075c49747a
http://lodlaundromat.org/.well-known/genid/5d080bbaba272b2e08a186d1820f1dc5#genid260xxhttpx3Ax2Fx2Fdbtunex2Eorgx2Flastx2Dfmx2FFargoethx2Erdf,http://zitgist.com/music/artist/23d9d74d-c95e-46a6-be26-a6075c49747a
http://lodlaundromat.org/.well-known/genid/5d080bbaba272b2e08a186d1820f1dc5#genid318xxhttpx3Ax2Fx2Fdbtunex2Eorgx2Flastx2Dfmx2Fmarkeyx2Erdf,http://zitgist.com/music/artist/23d9d74d-c95e-46a6-be26-a6075c49747a
http://lodlaundromat.org/.well-known/genid/5d080bbaba272b2e08a186d1820f1dc5#genid321xxhttpx3Ax2Fx2Fdbtunex2Eorgx2Flastx2Dfmx2Fmarkeyx2Erdf,http://zitgist.com/music/artist/23d9d74d-c95e-46a6-be26-a6075c49747a
http://lodlaundromat.org/.well-known/genid/5d080bbaba272b2e08a186d1820f1dc5#genid330xxhttpx3Ax2Fx2Fdbtunex2Eorgx2Flastx2Dfmx2Fmarkeyx2Erdf,http://zitgist.com/music/artist/23d9d74d-c95e-46a6-be26-a6075c49747a
http://lodlaundromat.org/.well-known/genid/5d080bbaba272b2e08a186d1820f1dc5#genid339xxhttpx3Ax2Fx2Fdbtunex2Eorgx2Flastx2Dfmx2Fmarkeyx2Erdf,http://zitgist.com/music/artist/23d9d74d-c95e-46a6-be26-a6075c49747a
http://lodlaundromat.org/.well-known/genid/6000be8141502563141054e7cca18cd3#genid285xxhttpx3Ax2Fx2Fdbtunex2Eorgx2Flastx2Dfmx2FenderLT1x2Erdf,http://zitgist.com/music/artist/23d9d74d-c95e-46a6-be26-a6075c49747a
http://lodlaundromat.org/.well-known/genid/6000be8141502563141054e7cca18cd3#genid288xxhttpx3Ax2Fx2Fdbtunex2Eorgx2Flastx2Dfmx2FenderLT1x2Erdf,http://zitgist.com/music/artist/23d9d74d-c95e-46a6-be26-a6075c49747a
http://lodlaundromat.org/.well-known/genid/6000be8141502563141054e7cca18cd3#genid291xxhttpx3Ax2Fx2Fdbtunex2Eorgx2Flastx2Dfmx2FenderLT1x2Erdf,http://zitgist.com/music/artist/23d9d74d-c95e-46a6-be26-a6075c49747a
http://lodlaundromat.org/.well-known/genid/6000be8141502563141054e7cca18cd3#genid294xxhttpx3Ax2Fx2Fdbtunex2Eorgx2Flastx2Dfmx2FenderLT1x2Erdf,http://zitgist.com/music/artist/23d9d74d-c95e-46a6-be26-a6075c49747a
http://lodlaundromat.org/.well-known/genid/6000be8141502563141054e7cca18cd3#genid297xxhttpx3Ax2Fx2Fdbtunex2Eorgx2Flastx2Dfmx2FenderLT1x2Erdf,http://zitgist.com/music/artist/23d9d74d-c95e-46a6-be26-a6075c49747a
http://lodlaundromat.org/.well-known/genid/6000be8141502563141054e7cca18cd3#genid300xxhttpx3Ax2Fx2Fdbtunex2Eorgx2Flastx2Dfmx2FenderLT1x2Erdf,http://zitgist.com/music/artist/23d9d74d-c95e-46a6-be26-a6075c49747a
http://lodlaundromat.org/.well-known/genid/6000be8141502563141054e7cca18cd3#genid303xxhttpx3Ax2Fx2Fdbtunex2Eorgx2Flastx2Dfmx2FenderLT1x2Erdf,http://zitgist.com/music/artist/23d9d74d-c95e-46a6-be26-a6075c49747a
http://lodlaundromat.org/.well-known/genid/6000be8141502563141054e7cca18cd3#genid306xxhttpx3Ax2Fx2Fdbtunex2Eorgx2Flastx2Dfmx2FenderLT1x2Erdf,http://zitgist.com/music/artist/23d9d74d-c95e-46a6-be26-a6075c49747a
http://lodlaundromat.org/.well-known/genid/6293249f1c856056d929576169e3d549#genid60xxhttpx3Ax2Fx2Fdbtunex2Eorgx2Flastx2Dfmx2FEF23x2Erdf,http://zitgist.com/music/artist/23d9d74d-c95e-46a6-be26-a6075c49747a
http://lodlaundromat.org/.well-known/genid/62da50650f722cdda1d444882bbb4047#genid173xxhttpx3Ax2Fx2Fdbtunex2Eorgx2Flastx2Dfmx2FCocoDeRastax2Erdf,http://zitgist.com/music/artist/23d9d74d-c95e-46a6-be26-a6075c49747a
http://lodlaundromat.org/.well-known/genid/6988ec6f9215b6687c14501831cbf569#genid26httpx3Ax2Fx2Fdbtunex2Eorgx2Flastx2Dfmx2Faggelix78x2Erdf,http://zitgist.com/music/artist/23d9d74d-c95e-46a6-be26-a6075c49747a
http://lodlaundromat.org/.well-known/genid/6988ec6f9215b6687c14501831cbf569#genid28httpx3Ax2Fx2Fdbtunex2Eorgx2Flastx2Dfmx2FVx2DTeqx2Erdf,http://zitgist.com/music/artist/23d9d74d-c95e-46a6-be26-a6075c49747a
http://lodlaundromat.org/.well-known/genid/6988ec6f9215b6687c14501831cbf569#genid29httpx3Ax2Fx2Fdbtunex2Eorgx2Flastx2Dfmx2FDanteNPx2Erdf,http://zitgist.com/music/artist/23d9d74d-c95e-46a6-be26-a6075c49747a
http://lodlaundromat.org/.well-known/genid/6988ec6f9215b6687c14501831cbf569#genid37httpx3Ax2Fx2Fdbtunex2Eorgx2Flastx2Dfmx2FVx2DTeqx2Erdf,http://zitgist.com/music/artist/23d9d74d-c95e-46a6-be26-a6075c49747a
http://lodlaundromat.org/.well-known/genid/6988ec6f9215b6687c14501831cbf569#genid38httpx3Ax2Fx2Fdbtunex2Eorgx2Flastx2Dfmx2FDanteNPx2Erdf,http://zitgist.com/music/artist/23d9d74d-c95e-46a6-be26-a6075c49747a
http://lodlaundromat.org/.well-known/genid/6988ec6f9215b6687c14501831cbf569#genid40httpx3Ax2Fx2Fdbtunex2Eorgx2Flastx2Dfmx2Fhebertvsx2Erdf,http://zitgist.com/music/artist/23d9d74d-c95e-46a6-be26-a6075c49747a
http://lodlaundromat.org/.well-known/genid/6988ec6f9215b6687c14501831cbf569#genid41httpx3Ax2Fx2Fdbtunex2Eorgx2Flastx2Dfmx2FFallax2Erdf,http://zitgist.com/music/artist/23d9d74d-c95e-46a6-be26-a6075c49747a
http://lodlaundromat.org/.well-known/genid/6988ec6f9215b6687c14501831cbf569#genid44httpx3Ax2Fx2Fdbtunex2Eorgx2Flastx2Dfmx2FWiniarrox2Erdf,http://zitgist.com/music/artist/23d9d74d-c95e-46a6-be26-a6075c49747a
http://lodlaundromat.org/.well-known/genid/6bfa06c2f44d6048b3f98354595e7759#genid286xxhttpx3Ax2Fx2Fdbtunex2Eorgx2Flastx2Dfmx2Feeb06bx2Erdf,http://zitgist.com/music/artist/23d9d74d-c95e-46a6-be26-a6075c49747a
http://lodlaundromat.org/.well-known/genid/6c4ce6f3993a84a8f09c726bc2feaf7d#genid198xxhttpx3Ax2Fx2Fdbtunex2Eorgx2Flastx2Dfmx2Folme69x2Erdf,http://zitgist.com/music/artist/23d9d74d-c95e-46a6-be26-a6075c49747a
http://lodlaundromat.org/.well-known/genid/6c4ce6f3993a84a8f09c726bc2feaf7d#genid201xxhttpx3Ax2Fx2Fdbtunex2Eorgx2Flastx2Dfmx2Folme69x2Erdf,http://zitgist.com/music/artist/23d9d74d-c95e-46a6-be26-a6075c49747a
http://lodlaundromat.org/.well-known/genid/6c4ce6f3993a84a8f09c726bc2feaf7d#genid203xxhttpx3Ax2Fx2Fdbtunex2Eorgx2Flastx2Dfmx2Fkallekavatx2Erdf,http://zitgist.com/music/artist/23d9d74d-c95e-46a6-be26-a6075c49747a
http://lodlaundromat.org/.well-known/genid/6c4ce6f3993a84a8f09c726bc2feaf7d#genid204xxhttpx3Ax2Fx2Fdbtunex2Eorgx2Flastx2Dfmx2Folme69x2Erdf,http://zitgist.com/music/artist/23d9d74d-c95e-46a6-be26-a6075c49747a
http://lodlaundromat.org/.well-known/genid/6c4ce6f3993a84a8f09c726bc2feaf7d#genid207xxhttpx3Ax2Fx2Fdbtunex2Eorgx2Flastx2Dfmx2Folme69x2Erdf,http://zitgist.com/music/artist/23d9d74d-c95e-46a6-be26-a6075c49747a
http://lodlaundromat.org/.well-known/genid/6c4ce6f3993a84a8f09c726bc2feaf7d#genid58xxhttpx3Ax2Fx2Fdbtunex2Eorgx2Flastx2Dfmx2Fmollymoo0oo0x2Erdf,http://zitgist.com/music/artist/23d9d74d-c95e-46a6-be26-a6075c49747a
http://lodlaundromat.org/.well-known/genid/6f074afd56b9ad1d507db96dbf4a88d0#genid174xxhttpx3Ax2Fx2Fdbtunex2Eorgx2Flastx2Dfmx2FFaas06x2Erdf,http://zitgist.com/music/artist/23d9d74d-c95e-46a6-be26-a6075c49747a
http://lodlaundromat.org/.well-known/genid/70f7e0c8390b312deb206d508ae8d614#genid255xxhttpx3Ax2Fx2Fdbtunex2Eorgx2Flastx2Dfmx2Flilax5Flostx2Erdf,http://zitgist.com/music/artist/23d9d74d-c95e-46a6-be26-a6075c49747a
http://lodlaundromat.org/.well-known/genid/71a87a6aa60d611d7d09b986aa7f5070#genid122xxhttpx3Ax2Fx2Fdbtunex2Eorgx2Flastx2Dfmx2Fkidrobotx2Erdf,http://zitgist.com/music/artist/23d9d74d-c95e-46a6-be26-a6075c49747a
http://lodlaundromat.org/.well-known/genid/71a87a6aa60d611d7d09b986aa7f5070#genid86xxhttpx3Ax2Fx2Fdbtunex2Eorgx2Flastx2Dfmx2Fjacek1189x2Erdf,http://zitgist.com/music/artist/23d9d74d-c95e-46a6-be26-a6075c49747a
http://lodlaundromat.org/.well-known/genid/71a87a6aa60d611d7d09b986aa7f5070#genid89xxhttpx3Ax2Fx2Fdbtunex2Eorgx2Flastx2Dfmx2Fjacek1189x2Erdf,http://zitgist.com/music/artist/23d9d74d-c95e-46a6-be26-a6075c49747a
http://lodlaundromat.org/.well-known/genid/7cf3c6892973c71fb2b0d864928f5c2b#genid32xxhttpx3Ax2Fx2Fdbtunex2Eorgx2Flastx2Dfmx2Fmkbellax2Erdf,http://zitgist.com/music/artist/23d9d74d-c95e-46a6-be26-a6075c49747a
http://lodlaundromat.org/.well-known/genid/7d71d1c359b67ed76353034d7c19cfe7#genid22xxhttpx3Ax2Fx2Fdbtunex2Eorgx2Flastx2Dfmx2FKhaoosx2Erdf,http://zitgist.com/music/artist/23d9d74d-c95e-46a6-be26-a6075c49747a
http://lodlaundromat.org/.well-known/genid/806b87e3c66304290d00c3e094632d77#genid14httpx3Ax2Fx2Fdbtunex2Eorgx2Flastx2Dfmx2Fjlms82x2Erdf,http://zitgist.com/music/artist/23d9d74d-c95e-46a6-be26-a6075c49747a
http://lodlaundromat.org/.well-known/genid/806b87e3c66304290d00c3e094632d77#genid16httpx3Ax2Fx2Fdbtunex2Eorgx2Flastx2Dfmx2Fehongbox2Erdf,http://zitgist.com/music/artist/23d9d74d-c95e-46a6-be26-a6075c49747a
http://lodlaundromat.org/.well-known/genid/80fdf48c30c40092b1fc4bba98f1864d#genid69xxhttpx3Ax2Fx2Fdbtunex2Eorgx2Flastx2Dfmx2Fmichalvvx2Erdf,http://zitgist.com/music/artist/23d9d74d-c95e-46a6-be26-a6075c49747a
http://lodlaundromat.org/.well-known/genid/810098bf352d8a8b2effd4d7ac51ee55#genid187xxhttpx3Ax2Fx2Fdbtunex2Eorgx2Flastx2Dfmx2Feverybodylikepix2Erdf,http://zitgist.com/music/artist/23d9d74d-c95e-46a6-be26-a6075c49747a
http://lodlaundromat.org/.well-known/genid/821e4feef082cf602adda2ba754dff34#genid74xxhttpx3Ax2Fx2Fdbtunex2Eorgx2Flastx2Dfmx2Farleneex2Erdf,http://zitgist.com/music/artist/23d9d74d-c95e-46a6-be26-a6075c49747a
http://lodlaundromat.org/.well-known/genid/833f50c91fcfdc3469f621cf87b82249#genid10xxhttpx3Ax2Fx2Fdbtunex2Eorgx2Flastx2Dfmx2Fphotoboyx2Erdf,http://zitgist.com/music/artist/23d9d74d-c95e-46a6-be26-a6075c49747a
http://lodlaundromat.org/.well-known/genid/8390c5568aa516527ccf1625cbdf94e9#genid35httpx3Ax2Fx2Fdbtunex2Eorgx2Flastx2Dfmx2Foklimx2Erdf,http://zitgist.com/music/artist/23d9d74d-c95e-46a6-be26-a6075c49747a
http://lodlaundromat.org/.well-known/genid/8390c5568aa516527ccf1625cbdf94e9#genid36httpx3Ax2Fx2Fdbtunex2Eorgx2Flastx2Dfmx2Fx78melissax78mx78x2Erdf,http://zitgist.com/music/artist/23d9d74d-c95e-46a6-be26-a6075c49747a
http://lodlaundromat.org/.well-known/genid/8390c5568aa516527ccf1625cbdf94e9#genid4httpx3Ax2Fx2Fdbtunex2Eorgx2Flastx2Dfmx2Fehongbox2Erdf,http://zitgist.com/music/artist/23d9d74d-c95e-46a6-be26-a6075c49747a
http://lodlaundromat.org/.well-known/genid/866aa9f6e83a15ab08f60563a19f9988#genid33xxhttpx3Ax2Fx2Fdbtunex2Eorgx2Flastx2Dfmx2FMissx5FScarlettx2Erdf,http://zitgist.com/music/artist/23d9d74d-c95e-46a6-be26-a6075c49747a
http://lodlaundromat.org/.well-known/genid/8bb7227c241d725b112869cb33aafeee#genid178xxhttpx3Ax2Fx2Fdbtunex2Eorgx2Flastx2Dfmx2Fkimaagex2Erdf,http://zitgist.com/music/artist/23d9d74d-c95e-46a6-be26-a6075c49747a
http://lodlaundromat.org/.well-known/genid/9026455f8b90f16c8b3c85c846dc5fb9#genid251xxhttpx3Ax2Fx2Fdbtunex2Eorgx2Flastx2Dfmx2Faeazelx2Erdf,http://zitgist.com/music/artist/23d9d74d-c95e-46a6-be26-a6075c49747a
http://lodlaundromat.org/.well-known/genid/906a5979b07aee1f1a3db86cc1c80914#genid300xxhttpx3Ax2Fx2Fdbtunex2Eorgx2Flastx2Dfmx2FLarissaVazx2Erdf,http://zitgist.com/music/artist/23d9d74d-c95e-46a6-be26-a6075c49747a
http://lodlaundromat.org/.well-known/genid/91129704bc6101c8c78ed05529405eeb#genid54xxhttpx3Ax2Fx2Fdbtunex2Eorgx2Flastx2Dfmx2FErdemGulhanx2Erdf,http://zitgist.com/music/artist/23d9d74d-c95e-46a6-be26-a6075c49747a
http://lodlaundromat.org/.well-known/genid/9620bf9f8e12dcd6d441f9274f49ac9c#genid180xxhttpx3Ax2Fx2Fdbtunex2Eorgx2Flastx2Dfmx2Fjannax2Dchanx2Erdf,http://zitgist.com/music/artist/23d9d74d-c95e-46a6-be26-a6075c49747a
http://lodlaundromat.org/.well-known/genid/976e8b8d78bf575d72ae43db543df2a6#genid219xxhttpx3Ax2Fx2Fdbtunex2Eorgx2Flastx2Dfmx2Fnatorrox2Erdf,http://zitgist.com/music/artist/23d9d74d-c95e-46a6-be26-a6075c49747a
http://lodlaundromat.org/.well-known/genid/9ab6ac328dbb9e04d1929bde2f789946#genid200xxhttpx3Ax2Fx2Fdbtunex2Eorgx2Flastx2Dfmx2FHunax78x2Erdf,http://zitgist.com/music/artist/23d9d74d-c95e-46a6-be26-a6075c49747a
http://lodlaundromat.org/.well-known/genid/9ab6ac328dbb9e04d1929bde2f789946#genid209xxhttpx3Ax2Fx2Fdbtunex2Eorgx2Flastx2Dfmx2FHunax78x2Erdf,http://zitgist.com/music/artist/23d9d74d-c95e-46a6-be26-a6075c49747a
http://lodlaundromat.org/.well-known/genid/9ab6ac328dbb9e04d1929bde2f789946#genid212xxhttpx3Ax2Fx2Fdbtunex2Eorgx2Flastx2Dfmx2FHunax78x2Erdf,http://zitgist.com/music/artist/23d9d74d-c95e-46a6-be26-a6075c49747a
http://lodlaundromat.org/.well-known/genid/9ab6ac328dbb9e04d1929bde2f789946#genid215xxhttpx3Ax2Fx2Fdbtunex2Eorgx2Flastx2Dfmx2FHunax78x2Erdf,http://zitgist.com/music/artist/23d9d74d-c95e-46a6-be26-a6075c49747a
http://lodlaundromat.org/.well-known/genid/9af79134632ebe4788a7c66e6898ea1b#genid69xxhttpx3Ax2Fx2Fdbtunex2Eorgx2Flastx2Dfmx2Fimilencox2Erdf,http://zitgist.com/music/artist/23d9d74d-c95e-46a6-be26-a6075c49747a
http://lodlaundromat.org/.well-known/genid/9b99927671b5858154e4f14b0eead41d#genid291xxhttpx3Ax2Fx2Fdbtunex2Eorgx2Flastx2Dfmx2Fparlx2Erdf,http://zitgist.com/music/artist/23d9d74d-c95e-46a6-be26-a6075c49747a
http://lodlaundromat.org/.well-known/genid/9e034947eb84071bec9cb9c8ca8d14f8#genid60xxhttpx3Ax2Fx2Fdbtunex2Eorgx2Flastx2Dfmx2FPHILIAEx2Erdf,http://zitgist.com/music/artist/23d9d74d-c95e-46a6-be26-a6075c49747a
http://lodlaundromat.org/.well-known/genid/b13f607a6e730862415d78383f0c3866#genid21httpx3Ax2Fx2Fdbtunex2Eorgx2Flastx2Dfmx2FDrSpookymuffinx2Erdf,http://zitgist.com/music/artist/23d9d74d-c95e-46a6-be26-a6075c49747a
http://lodlaundromat.org/.well-known/genid/b13f607a6e730862415d78383f0c3866#genid22httpx3Ax2Fx2Fdbtunex2Eorgx2Flastx2Dfmx2Fpennyx5Fwishesx2Erdf,http://zitgist.com/music/artist/23d9d74d-c95e-46a6-be26-a6075c49747a
http://lodlaundromat.org/.well-known/genid/b13f607a6e730862415d78383f0c3866#genid25httpx3Ax2Fx2Fdbtunex2Eorgx2Flastx2Dfmx2FBorgNaissusx2Erdf,http://zitgist.com/music/artist/23d9d74d-c95e-46a6-be26-a6075c49747a
http://lodlaundromat.org/.well-known/genid/b13f607a6e730862415d78383f0c3866#genid26httpx3Ax2Fx2Fdbtunex2Eorgx2Flastx2Dfmx2FBlauCiax2Erdf,http://zitgist.com/music/artist/23d9d74d-c95e-46a6-be26-a6075c49747a
http://lodlaundromat.org/.well-known/genid/b13f607a6e730862415d78383f0c3866#genid32httpx3Ax2Fx2Fdbtunex2Eorgx2Flastx2Dfmx2FPOPeyox2Erdf,http://zitgist.com/music/artist/23d9d74d-c95e-46a6-be26-a6075c49747a
http://lodlaundromat.org/.well-known/genid/b3e6c6e45e0f2546a2c1c8a17176731d#genid10httpx3Ax2Fx2Fdbtunex2Eorgx2Flastx2Dfmx2Fx78BaSSaSSiNx78x2Erdf,http://zitgist.com/music/artist/23d9d74d-c95e-46a6-be26-a6075c49747a
http://lodlaundromat.org/.well-known/genid/b3e6c6e45e0f2546a2c1c8a17176731d#genid123httpx3Ax2Fx2Fdbtunex2Eorgx2Flastx2Dfmx2FBetaIQx2Erdf,http://zitgist.com/music/artist/23d9d74d-c95e-46a6-be26-a6075c49747a
http://lodlaundromat.org/.well-known/genid/b3e6c6e45e0f2546a2c1c8a17176731d#genid14httpx3Ax2Fx2Fdbtunex2Eorgx2Flastx2Dfmx2FLeScandrettx2Erdf,http://zitgist.com/music/artist/23d9d74d-c95e-46a6-be26-a6075c49747a
http://lodlaundromat.org/.well-known/genid/b3e6c6e45e0f2546a2c1c8a17176731d#genid14httpx3Ax2Fx2Fdbtunex2Eorgx2Flastx2Dfmx2Ffossadeileonix2Erdf,http://zitgist.com/music/artist/23d9d74d-c95e-46a6-be26-a6075c49747a
http://lodlaundromat.org/.well-known/genid/b3e6c6e45e0f2546a2c1c8a17176731d#genid19httpx3Ax2Fx2Fdbtunex2Eorgx2Flastx2Dfmx2Fehongbox2Erdf,http://zitgist.com/music/artist/23d9d74d-c95e-46a6-be26-a6075c49747a
http://lodlaundromat.org/.well-known/genid/b423039f4a9e555b3704a339b30e9bfe#genid76httpx3Ax2Fx2Fdbtunex2Eorgx2Flastx2Dfmx2FHeliodaphnex2Erdf,http://zitgist.com/music/artist/23d9d74d-c95e-46a6-be26-a6075c49747a
http://lodlaundromat.org/.well-known/genid/b423039f4a9e555b3704a339b30e9bfe#genid86httpx3Ax2Fx2Fdbtunex2Eorgx2Flastx2Dfmx2Fdisfaithx2Erdf,http://zitgist.com/music/artist/23d9d74d-c95e-46a6-be26-a6075c49747a
http://lodlaundromat.org/.well-known/genid/b4d790c6fd52d1029938cbe4a1372513#genid275xxhttpx3Ax2Fx2Fdbtunex2Eorgx2Flastx2Dfmx2Fnofix78ationsx2Erdf,http://zitgist.com/music/artist/23d9d74d-c95e-46a6-be26-a6075c49747a
http://lodlaundromat.org/.well-known/genid/b4d790c6fd52d1029938cbe4a1372513#genid278xxhttpx3Ax2Fx2Fdbtunex2Eorgx2Flastx2Dfmx2Fnofix78ationsx2Erdf,http://zitgist.com/music/artist/23d9d74d-c95e-46a6-be26-a6075c49747a
http://lodlaundromat.org/.well-known/genid/b4d9e8f3acebdcb259b59a79f6eb9678#genid208xxhttpx3Ax2Fx2Fdbtunex2Eorgx2Flastx2Dfmx2Fstrandpiratx2Erdf,http://zitgist.com/music/artist/23d9d74d-c95e-46a6-be26-a6075c49747a
http://lodlaundromat.org/.well-known/genid/b749090bacea68a154aa0fca34653073#genid39httpx3Ax2Fx2Fdbtunex2Eorgx2Flastx2Dfmx2FPlayingx5FItx5FLoudx2Erdf,http://zitgist.com/music/artist/23d9d74d-c95e-46a6-be26-a6075c49747a
http://lodlaundromat.org/.well-known/genid/b749090bacea68a154aa0fca34653073#genid48httpx3Ax2Fx2Fdbtunex2Eorgx2Flastx2Dfmx2FWanderingLilithx2Erdf,http://zitgist.com/music/artist/23d9d74d-c95e-46a6-be26-a6075c49747a
http://lodlaundromat.org/.well-known/genid/b749090bacea68a154aa0fca34653073#genid53httpx3Ax2Fx2Fdbtunex2Eorgx2Flastx2Dfmx2FWiniarrox2Erdf,http://zitgist.com/music/artist/23d9d74d-c95e-46a6-be26-a6075c49747a
http://lodlaundromat.org/.well-known/genid/b749090bacea68a154aa0fca34653073#genid56httpx3Ax2Fx2Fdbtunex2Eorgx2Flastx2Dfmx2Fkidrobotx2Erdf,http://zitgist.com/music/artist/23d9d74d-c95e-46a6-be26-a6075c49747a
http://lodlaundromat.org/.well-known/genid/b749090bacea68a154aa0fca34653073#genid64httpx3Ax2Fx2Fdbtunex2Eorgx2Flastx2Dfmx2Fgavinocarrollx2Erdf,http://zitgist.com/music/artist/23d9d74d-c95e-46a6-be26-a6075c49747a
http://lodlaundromat.org/.well-known/genid/c07f892981ca6d6c793b7a156cec3338#genid162xxhttpx3Ax2Fx2Fdbtunex2Eorgx2Flastx2Dfmx2FSoulsrockingx2Erdf,http://zitgist.com/music/artist/23d9d74d-c95e-46a6-be26-a6075c49747a
http://lodlaundromat.org/.well-known/genid/c5106770b5b0069809b2aa0a5a3df193#genid13httpx3Ax2Fx2Fdbtunex2Eorgx2Flastx2Dfmx2Fadamd27x2Erdf,http://zitgist.com/music/artist/23d9d74d-c95e-46a6-be26-a6075c49747a
http://lodlaundromat.org/.well-known/genid/c5106770b5b0069809b2aa0a5a3df193#genid13httpx3Ax2Fx2Fdbtunex2Eorgx2Flastx2Dfmx2Fehongbox2Erdf,http://zitgist.com/music/artist/23d9d74d-c95e-46a6-be26-a6075c49747a
http://lodlaundromat.org/.well-known/genid/c9120baae2947d777dfc4f5602d81649#genid200xxhttpx3Ax2Fx2Fdbtunex2Eorgx2Flastx2Dfmx2FRetromanlx2Erdf,http://zitgist.com/music/artist/23d9d74d-c95e-46a6-be26-a6075c49747a
http://lodlaundromat.org/.well-known/genid/c9120baae2947d777dfc4f5602d81649#genid72xxhttpx3Ax2Fx2Fdbtunex2Eorgx2Flastx2Dfmx2Fasanjuanx2Erdf,http://zitgist.com/music/artist/23d9d74d-c95e-46a6-be26-a6075c49747a
http://lodlaundromat.org/.well-known/genid/ca93fdf3778d3b0fa86409319c564e9c#genid273xxhttpx3Ax2Fx2Fdbtunex2Eorgx2Flastx2Dfmx2Fareameye69x2Erdf,http://zitgist.com/music/artist/23d9d74d-c95e-46a6-be26-a6075c49747a
http://lodlaundromat.org/.well-known/genid/cbc4787c1b701e3bd38cbd109550b050#genid118xxhttpx3Ax2Fx2Fdbtunex2Eorgx2Flastx2Dfmx2Ffreakyx5Fgadgetx2Erdf,http://zitgist.com/music/artist/23d9d74d-c95e-46a6-be26-a6075c49747a
http://lodlaundromat.org/.well-known/genid/cbc4787c1b701e3bd38cbd109550b050#genid121xxhttpx3Ax2Fx2Fdbtunex2Eorgx2Flastx2Dfmx2Ffreakyx5Fgadgetx2Erdf,http://zitgist.com/music/artist/23d9d74d-c95e-46a6-be26-a6075c49747a
http://lodlaundromat.org/.well-known/genid/cc18665789ee8b42bd02148a934c2f6a#genid146xxhttpx3Ax2Fx2Fdbtunex2Eorgx2Flastx2Dfmx2Faax78bx2Erdf,http://zitgist.com/music/artist/23d9d74d-c95e-46a6-be26-a6075c49747a
http://lodlaundromat.org/.well-known/genid/cc18665789ee8b42bd02148a934c2f6a#genid181xxhttpx3Ax2Fx2Fdbtunex2Eorgx2Flastx2Dfmx2Fdralidx2Erdf,http://zitgist.com/music/artist/23d9d74d-c95e-46a6-be26-a6075c49747a
http://lodlaundromat.org/.well-known/genid/cc18665789ee8b42bd02148a934c2f6a#genid202xxhttpx3Ax2Fx2Fdbtunex2Eorgx2Flastx2Dfmx2Fdralidx2Erdf,http://zitgist.com/music/artist/23d9d74d-c95e-46a6-be26-a6075c49747a
http://lodlaundromat.org/.well-known/genid/cca3aed13695e6e3c1508a4118481a98#genid202xxhttpx3Ax2Fx2Fdbtunex2Eorgx2Flastx2Dfmx2Fgregorrothfussx2Erdf,http://zitgist.com/music/artist/23d9d74d-c95e-46a6-be26-a6075c49747a
http://lodlaundromat.org/.well-known/genid/ccb88596b640c49996b340e5be658817#genid105httpx3Ax2Fx2Fdbtunex2Eorgx2Flastx2Dfmx2Fhappyfishx78x2Erdf,http://zitgist.com/music/artist/23d9d74d-c95e-46a6-be26-a6075c49747a
http://lodlaundromat.org/.well-known/genid/ccb88596b640c49996b340e5be658817#genid10httpx3Ax2Fx2Fdbtunex2Eorgx2Flastx2Dfmx2Fdimitragosx2Erdf,http://zitgist.com/music/artist/23d9d74d-c95e-46a6-be26-a6075c49747a
http://lodlaundromat.org/.well-known/genid/ccb88596b640c49996b340e5be658817#genid11httpx3Ax2Fx2Fdbtunex2Eorgx2Flastx2Dfmx2Fyoztalinx2Erdf,http://zitgist.com/music/artist/23d9d74d-c95e-46a6-be26-a6075c49747a
http://lodlaundromat.org/.well-known/genid/ce11ac528e194d6f3be3130a353b69f1#genid277xxhttpx3Ax2Fx2Fdbtunex2Eorgx2Flastx2Dfmx2Fnbrx78x2Erdf,http://zitgist.com/music/artist/23d9d74d-c95e-46a6-be26-a6075c49747a
http://lodlaundromat.org/.well-known/genid/ce11ac528e194d6f3be3130a353b69f1#genid310xxhttpx3Ax2Fx2Fdbtunex2Eorgx2Flastx2Dfmx2Ffiferutkax2Erdf,http://zitgist.com/music/artist/23d9d74d-c95e-46a6-be26-a6075c49747a
http://lodlaundromat.org/.well-known/genid/d0420b24e7a52c1f92b7d06109ac7d93#genid17xxhttpx3Ax2Fx2Fdbtunex2Eorgx2Flastx2Dfmx2Fpacholightx2Erdf,http://zitgist.com/music/artist/23d9d74d-c95e-46a6-be26-a6075c49747a
http://lodlaundromat.org/.well-known/genid/d08b368ab2615db7b710a68538d1a1a0#genid20httpx3Ax2Fx2Fdbtunex2Eorgx2Flastx2Dfmx2Fmadzkaheeex2Erdf,http://zitgist.com/music/artist/23d9d74d-c95e-46a6-be26-a6075c49747a
http://lodlaundromat.org/.well-known/genid/d08b368ab2615db7b710a68538d1a1a0#genid22httpx3Ax2Fx2Fdbtunex2Eorgx2Flastx2Dfmx2FVx2DTeqx2Erdf,http://zitgist.com/music/artist/23d9d74d-c95e-46a6-be26-a6075c49747a
http://lodlaundromat.org/.well-known/genid/d08b368ab2615db7b710a68538d1a1a0#genid23httpx3Ax2Fx2Fdbtunex2Eorgx2Flastx2Dfmx2FDanteNPx2Erdf,http://zitgist.com/music/artist/23d9d74d-c95e-46a6-be26-a6075c49747a
http://lodlaundromat.org/.well-known/genid/d08b368ab2615db7b710a68538d1a1a0#genid23httpx3Ax2Fx2Fdbtunex2Eorgx2Flastx2Dfmx2Fblissdevx2Erdf,http://zitgist.com/music/artist/23d9d74d-c95e-46a6-be26-a6075c49747a
http://lodlaundromat.org/.well-known/genid/d08b368ab2615db7b710a68538d1a1a0#genid25httpx3Ax2Fx2Fdbtunex2Eorgx2Flastx2Dfmx2Fehongbox2Erdf,http://zitgist.com/music/artist/23d9d74d-c95e-46a6-be26-a6075c49747a
http://lodlaundromat.org/.well-known/genid/d08b368ab2615db7b710a68538d1a1a0#genid28httpx3Ax2Fx2Fdbtunex2Eorgx2Flastx2Dfmx2Fjanazondx2Erdf,http://zitgist.com/music/artist/23d9d74d-c95e-46a6-be26-a6075c49747a
http://lodlaundromat.org/.well-known/genid/d08b368ab2615db7b710a68538d1a1a0#genid29httpx3Ax2Fx2Fdbtunex2Eorgx2Flastx2Dfmx2Ferinlouisehunt8x2Erdf,http://zitgist.com/music/artist/23d9d74d-c95e-46a6-be26-a6075c49747a
http://lodlaundromat.org/.well-known/genid/d08b368ab2615db7b710a68538d1a1a0#genid29httpx3Ax2Fx2Fdbtunex2Eorgx2Flastx2Dfmx2Fflabberx2Erdf,http://zitgist.com/music/artist/23d9d74d-c95e-46a6-be26-a6075c49747a
http://lodlaundromat.org/.well-known/genid/d08b368ab2615db7b710a68538d1a1a0#genid29httpx3Ax2Fx2Fdbtunex2Eorgx2Flastx2Dfmx2Fjewisheyesx2Erdf,http://zitgist.com/music/artist/23d9d74d-c95e-46a6-be26-a6075c49747a
http://lodlaundromat.org/.well-known/genid/d08b368ab2615db7b710a68538d1a1a0#genid31httpx3Ax2Fx2Fdbtunex2Eorgx2Flastx2Dfmx2FVx2DTeqx2Erdf,http://zitgist.com/music/artist/23d9d74d-c95e-46a6-be26-a6075c49747a
http://lodlaundromat.org/.well-known/genid/d08b368ab2615db7b710a68538d1a1a0#genid31httpx3Ax2Fx2Fdbtunex2Eorgx2Flastx2Dfmx2Fviivecax2Erdf,http://zitgist.com/music/artist/23d9d74d-c95e-46a6-be26-a6075c49747a
http://lodlaundromat.org/.well-known/genid/d08b368ab2615db7b710a68538d1a1a0#genid32httpx3Ax2Fx2Fdbtunex2Eorgx2Flastx2Dfmx2FDanteNPx2Erdf,http://zitgist.com/music/artist/23d9d74d-c95e-46a6-be26-a6075c49747a
http://lodlaundromat.org/.well-known/genid/d08b368ab2615db7b710a68538d1a1a0#genid36httpx3Ax2Fx2Fdbtunex2Eorgx2Flastx2Dfmx2Fkas1978x2Erdf,http://zitgist.com/music/artist/23d9d74d-c95e-46a6-be26-a6075c49747a
http://lodlaundromat.org/.well-known/genid/d6903d007caa070cb2586baf3c35bb8f#genid141xxhttpx3Ax2Fx2Fdbtunex2Eorgx2Flastx2Dfmx2Fmeranibowx2Erdf,http://zitgist.com/music/artist/23d9d74d-c95e-46a6-be26-a6075c49747a
http://lodlaundromat.org/.well-known/genid/d6903d007caa070cb2586baf3c35bb8f#genid141xxhttpx3Ax2Fx2Fdbtunex2Eorgx2Flastx2Dfmx2Fmocalabx2Erdf,http://zitgist.com/music/artist/23d9d74d-c95e-46a6-be26-a6075c49747a
http://lodlaundromat.org/.well-known/genid/d6903d007caa070cb2586baf3c35bb8f#genid263xxhttpx3Ax2Fx2Fdbtunex2Eorgx2Flastx2Dfmx2Fnikitahatex2Erdf,http://zitgist.com/music/artist/23d9d74d-c95e-46a6-be26-a6075c49747a
http://lodlaundromat.org/.well-known/genid/d6903d007caa070cb2586baf3c35bb8f#genid296xxhttpx3Ax2Fx2Fdbtunex2Eorgx2Flastx2Dfmx2Fblaucorpx2Erdf,http://zitgist.com/music/artist/23d9d74d-c95e-46a6-be26-a6075c49747a
http://lodlaundromat.org/.well-known/genid/db1a866cb3c00745e180d76296eedeac#genid80httpx3Ax2Fx2Fdbtunex2Eorgx2Flastx2Dfmx2Fdisfaithx2Erdf,http://zitgist.com/music/artist/23d9d74d-c95e-46a6-be26-a6075c49747a
http://lodlaundromat.org/.well-known/genid/db1a866cb3c00745e180d76296eedeac#genid8httpx3Ax2Fx2Fdbtunex2Eorgx2Flastx2Dfmx2Fwelingtonmatiasx2Erdf,http://zitgist.com/music/artist/23d9d74d-c95e-46a6-be26-a6075c49747a
http://lodlaundromat.org/.well-known/genid/db1a866cb3c00745e180d76296eedeac#genid95httpx3Ax2Fx2Fdbtunex2Eorgx2Flastx2Dfmx2Fdisfaithx2Erdf,http://zitgist.com/music/artist/23d9d74d-c95e-46a6-be26-a6075c49747a
http://lodlaundromat.org/.well-known/genid/dba22b3e1ab2bd0a40d3bf2fec5346d4#genid123xxhttpx3Ax2Fx2Fdbtunex2Eorgx2Flastx2Dfmx2Fmokkamilchx2Erdf,http://zitgist.com/music/artist/23d9d74d-c95e-46a6-be26-a6075c49747a
http://lodlaundromat.org/.well-known/genid/dc436b7a10ebde8716993210f078dde4#genid279xxhttpx3Ax2Fx2Fdbtunex2Eorgx2Flastx2Dfmx2FRenoRobadox2Erdf,http://zitgist.com/music/artist/23d9d74d-c95e-46a6-be26-a6075c49747a
http://lodlaundromat.org/.well-known/genid/dcb1e2ce0a4bc025d1e88a7fe2301fc3#genid271xxhttpx3Ax2Fx2Fdbtunex2Eorgx2Flastx2Dfmx2Ffri76x2Erdf,http://zitgist.com/music/artist/23d9d74d-c95e-46a6-be26-a6075c49747a
http://lodlaundromat.org/.well-known/genid/e39ad81207dfb148ef2b7a41494c92c1#genid20httpx3Ax2Fx2Fdbtunex2Eorgx2Flastx2Dfmx2Fdreamwithmusicx2Erdf,http://zitgist.com/music/artist/23d9d74d-c95e-46a6-be26-a6075c49747a
http://lodlaundromat.org/.well-known/genid/e39ad81207dfb148ef2b7a41494c92c1#genid20httpx3Ax2Fx2Fdbtunex2Eorgx2Flastx2Dfmx2Ftycho2502x2Erdf,http://zitgist.com/music/artist/23d9d74d-c95e-46a6-be26-a6075c49747a
http://lodlaundromat.org/.well-known/genid/e39ad81207dfb148ef2b7a41494c92c1#genid24httpx3Ax2Fx2Fdbtunex2Eorgx2Flastx2Dfmx2Fbiffox78x2Erdf,http://zitgist.com/music/artist/23d9d74d-c95e-46a6-be26-a6075c49747a
http://lodlaundromat.org/.well-known/genid/e39ad81207dfb148ef2b7a41494c92c1#genid24httpx3Ax2Fx2Fdbtunex2Eorgx2Flastx2Dfmx2Flpluvacatx2Erdf,http://zitgist.com/music/artist/23d9d74d-c95e-46a6-be26-a6075c49747a
http://lodlaundromat.org/.well-known/genid/e39ad81207dfb148ef2b7a41494c92c1#genid26httpx3Ax2Fx2Fdbtunex2Eorgx2Flastx2Dfmx2FDanteNPx2Erdf,http://zitgist.com/music/artist/23d9d74d-c95e-46a6-be26-a6075c49747a
http://lodlaundromat.org/.well-known/genid/e39ad81207dfb148ef2b7a41494c92c1#genid29httpx3Ax2Fx2Fdbtunex2Eorgx2Flastx2Dfmx2Findecisive523x2Erdf,http://zitgist.com/music/artist/23d9d74d-c95e-46a6-be26-a6075c49747a
http://lodlaundromat.org/.well-known/genid/e39ad81207dfb148ef2b7a41494c92c1#genid32httpx3Ax2Fx2Fdbtunex2Eorgx2Flastx2Dfmx2FIx5Fx78x2Erdf,http://zitgist.com/music/artist/23d9d74d-c95e-46a6-be26-a6075c49747a
http://lodlaundromat.org/.well-known/genid/e39ad81207dfb148ef2b7a41494c92c1#genid35httpx3Ax2Fx2Fdbtunex2Eorgx2Flastx2Dfmx2FDanteNPx2Erdf,http://zitgist.com/music/artist/23d9d74d-c95e-46a6-be26-a6075c49747a
http://lodlaundromat.org/.well-known/genid/e452186b42bbeeab32b7e7fdd8570ef0#genid244xxhttpx3Ax2Fx2Fdbtunex2Eorgx2Flastx2Dfmx2FMairebx2Erdf,http://zitgist.com/music/artist/23d9d74d-c95e-46a6-be26-a6075c49747a
http://lodlaundromat.org/.well-known/genid/e452186b42bbeeab32b7e7fdd8570ef0#genid299xxhttpx3Ax2Fx2Fdbtunex2Eorgx2Flastx2Dfmx2Fobliviax2Erdf,http://zitgist.com/music/artist/23d9d74d-c95e-46a6-be26-a6075c49747a
http://lodlaundromat.org/.well-known/genid/e452186b42bbeeab32b7e7fdd8570ef0#genid57xxhttpx3Ax2Fx2Fdbtunex2Eorgx2Flastx2Dfmx2FPedx5FRowx5FFx2Erdf,http://zitgist.com/music/artist/23d9d74d-c95e-46a6-be26-a6075c49747a
http://lodlaundromat.org/.well-known/genid/e5ef22f6f66d78bfac95343f2fdbfb99#genid30xxhttpx3Ax2Fx2Fdbtunex2Eorgx2Flastx2Dfmx2Fduierx2Erdf,http://zitgist.com/music/artist/23d9d74d-c95e-46a6-be26-a6075c49747a
http://lodlaundromat.org/.well-known/genid/e72c4e7bc37d3019d433174f63af1526#genid133xxhttpx3Ax2Fx2Fdbtunex2Eorgx2Flastx2Dfmx2Fblubbox2Erdf,http://zitgist.com/music/artist/23d9d74d-c95e-46a6-be26-a6075c49747a
http://lodlaundromat.org/.well-known/genid/f19ddc818a48357fe7615aaaf5eef8a2#genid47httpx3Ax2Fx2Fdbtunex2Eorgx2Flastx2Dfmx2Fgillespolx2Erdf,http://zitgist.com/music/artist/23d9d74d-c95e-46a6-be26-a6075c49747a
http://lodlaundromat.org/.well-known/genid/f1e68252d1dbfde1845b6cbc0f3f29b2#genid57httpx3Ax2Fx2Fdbtunex2Eorgx2Flastx2Dfmx2Fauntybettyx2Erdf,http://zitgist.com/music/artist/23d9d74d-c95e-46a6-be26-a6075c49747a
http://lodlaundromat.org/.well-known/genid/f1e68252d1dbfde1845b6cbc0f3f29b2#genid7httpx3Ax2Fx2Fdbtunex2Eorgx2Flastx2Dfmx2Fx78ajondeex2Erdf,http://zitgist.com/music/artist/23d9d74d-c95e-46a6-be26-a6075c49747a
http://lodlaundromat.org/.well-known/genid/f1e68252d1dbfde1845b6cbc0f3f29b2#genid83httpx3Ax2Fx2Fdbtunex2Eorgx2Flastx2Dfmx2Fdisfaithx2Erdf,http://zitgist.com/music/artist/23d9d74d-c95e-46a6-be26-a6075c49747a
http://lodlaundromat.org/.well-known/genid/f1e68252d1dbfde1845b6cbc0f3f29b2#genid98httpx3Ax2Fx2Fdbtunex2Eorgx2Flastx2Dfmx2Fdisfaithx2Erdf,http://zitgist.com/music/artist/23d9d74d-c95e-46a6-be26-a6075c49747a
http://lodlaundromat.org/.well-known/genid/f26eca73fc8a9ae2a1c4c7797cd35aac#genid101httpx3Ax2Fx2Fdbtunex2Eorgx2Flastx2Dfmx2Fdisfaithx2Erdf,http://zitgist.com/music/artist/23d9d74d-c95e-46a6-be26-a6075c49747a
http://lodlaundromat.org/.well-known/genid/f26eca73fc8a9ae2a1c4c7797cd35aac#genid108httpx3Ax2Fx2Fdbtunex2Eorgx2Flastx2Dfmx2Fkartkax5Fwx5Fkratkex2Erdf,http://zitgist.com/music/artist/23d9d74d-c95e-46a6-be26-a6075c49747a
http://lodlaundromat.org/.well-known/genid/f2c5bae7fac714693411114b7a87422e#genid18httpx3Ax2Fx2Fdbtunex2Eorgx2Flastx2Dfmx2Fdogsx5Fwhistlex2Erdf,http://zitgist.com/music/artist/23d9d74d-c95e-46a6-be26-a6075c49747a
http://lodlaundromat.org/.well-known/genid/f2c5bae7fac714693411114b7a87422e#genid18httpx3Ax2Fx2Fdbtunex2Eorgx2Flastx2Dfmx2Fzerachx2Erdf,http://zitgist.com/music/artist/23d9d74d-c95e-46a6-be26-a6075c49747a
http://lodlaundromat.org/.well-known/genid/f922ad486d239acee19e14647c5939f5#genid60xxhttpx3Ax2Fx2Fdbtunex2Eorgx2Flastx2Dfmx2Fnisipx2Erdf,http://zitgist.com/music/artist/23d9d74d-c95e-46a6-be26-a6075c49747a
http://lodlaundromat.org/.well-known/genid/fb12b4986a0351a6417292828fd3cb2d#genid65xxhttpx3Ax2Fx2Fdbtunex2Eorgx2Flastx2Dfmx2Fmichaelmartinex2Erdf,http://zitgist.com/music/artist/23d9d74d-c95e-46a6-be26-a6075c49747a
http://lodlaundromat.org/.well-known/genid/fb180e2bf51381c78c881195fe9589bf#genid84xxhttpx3Ax2Fx2Fdbtunex2Eorgx2Flastx2Dfmx2Fbebalx2Erdf,http://zitgist.com/music/artist/23d9d74d-c95e-46a6-be26-a6075c49747a
http://lodlaundromat.org/.well-known/genid/fc875036115323224e4a5ea12cbbc378#genid68xxhttpx3Ax2Fx2Fdbtunex2Eorgx2Flastx2Dfmx2Fettoreafterhourx2Erdf,http://zitgist.com/music/artist/23d9d74d-c95e-46a6-be26-a6075c49747a
http://lodlaundromat.org/.well-known/genid/fc8dc81a61bfbd9f988f158dd67a6a4c#genid22httpx3Ax2Fx2Fdbtunex2Eorgx2Flastx2Dfmx2Fehongbox2Erdf,http://zitgist.com/music/artist/23d9d74d-c95e-46a6-be26-a6075c49747a
http://lodlaundromat.org/.well-known/genid/fc8dc81a61bfbd9f988f158dd67a6a4c#genid26httpx3Ax2Fx2Fdbtunex2Eorgx2Flastx2Dfmx2FInphex78x2Erdf,http://zitgist.com/music/artist/23d9d74d-c95e-46a6-be26-a6075c49747a
http://lodlaundromat.org/.well-known/genid/fc8dc81a61bfbd9f988f158dd67a6a4c#genid28httpx3Ax2Fx2Fdbtunex2Eorgx2Flastx2Dfmx2Fashanlfmx2Erdf,http://zitgist.com/music/artist/23d9d74d-c95e-46a6-be26-a6075c49747a
http://lodlaundromat.org/.well-known/genid/fc8dc81a61bfbd9f988f158dd67a6a4c#genid30httpx3Ax2Fx2Fdbtunex2Eorgx2Flastx2Dfmx2FZuLuSx78x2Erdf,http://zitgist.com/music/artist/23d9d74d-c95e-46a6-be26-a6075c49747a
http://lodlaundromat.org/.well-known/genid/fc8dc81a61bfbd9f988f158dd67a6a4c#genid31httpx3Ax2Fx2Fdbtunex2Eorgx2Flastx2Dfmx2Fdjhizzrox2Erdf,http://zitgist.com/music/artist/23d9d74d-c95e-46a6-be26-a6075c49747a
http://lodlaundromat.org/.well-known/genid/fc8dc81a61bfbd9f988f158dd67a6a4c#genid31httpx3Ax2Fx2Fdbtunex2Eorgx2Flastx2Dfmx2Fehongbox2Erdf,http://zitgist.com/music/artist/23d9d74d-c95e-46a6-be26-a6075c49747a
http://lodlaundromat.org/.well-known/genid/fc8dc81a61bfbd9f988f158dd67a6a4c#genid40httpx3Ax2Fx2Fdbtunex2Eorgx2Flastx2Dfmx2Fandreihortuax2Erdf,http://zitgist.com/music/artist/23d9d74d-c95e-46a6-be26-a6075c49747a
http://lodlaundromat.org/.well-known/genid/fd7d19dcfafac3cead8d73bb4e7fdf3a#genid294xxhttpx3Ax2Fx2Fdbtunex2Eorgx2Flastx2Dfmx2Fnoaaonx2Erdf,http://zitgist.com/music/artist/23d9d74d-c95e-46a6-be26-a6075c49747a
http://lodlaundromat.org/.well-known/genid/ffdaaf2f29b34b950f4a3c548ddfbb96#genid247xxhttpx3Ax2Fx2Fdbtunex2Eorgx2Flastx2Dfmx2FFunkyMooonkeyx2Erdf,http://zitgist.com/music/artist/23d9d74d-c95e-46a6-be26-a6075c49747a
http://lodlaundromat.org/.well-known/genid/ffdaaf2f29b34b950f4a3c548ddfbb96#genid51xxhttpx3Ax2Fx2Fdbtunex2Eorgx2Flastx2Dfmx2Fosfameronx2Erdf,http://zitgist.com/music/artist/23d9d74d-c95e-46a6-be26-a6075c49747a
http://lodlaundromat.org/.well-known/genid/ffdaaf2f29b34b950f4a3c548ddfbb96#genid75xxhttpx3Ax2Fx2Fdbtunex2Eorgx2Flastx2Dfmx2FMisawczx2Erdf,http://zitgist.com/music/artist/23d9d74d-c95e-46a6-be26-a6075c49747a
http://mk.dbpedia.org/resource/Faithless,http://nl.dbpedia.org/resource/Faithless
http://mk.dbpedia.org/resource/Faithless,http://pl.dbpedia.org/resource/Faithless
http://mk.dbpedia.org/resource/Faithless,http://pt.dbpedia.org/resource/Faithless
http://mk.dbpedia.org/resource/Faithless,http://ro.dbpedia.org/resource/Faithless
http://mk.dbpedia.org/resource/Faithless,http://ru.dbpedia.org/resource/Faithless
http://mk.dbpedia.org/resource/Faithless,http://sk.dbpedia.org/resource/Faithless
http://mk.dbpedia.org/resource/Faithless,http://sr.dbpedia.org/resource/Faithless
http://mk.dbpedia.org/resource/Faithless,http://sv.dbpedia.org/resource/Faithless
http://mk.dbpedia.org/resource/Faithless,http://th.dbpedia.org/resource/เฟธเลส
http://mk.dbpedia.org/resource/Faithless,http://tr.dbpedia.org/resource/Faithless_(müzik_grubu)
http://mk.dbpedia.org/resource/Faithless,http://www.wikidata.org/entity/Q542071
http://nl.dbpedia.org/resource/Faithless,http://pl.dbpedia.org/resource/Faithless
http://nl.dbpedia.org/resource/Faithless,http://pt.dbpedia.org/resource/Faithless
http://nl.dbpedia.org/resource/Faithless,http://rdf.freebase.com/ns/m.01kqt5
http://nl.dbpedia.org/resource/Faithless,http://ro.dbpedia.org/resource/Faithless
http://nl.dbpedia.org/resource/Faithless,http://ru.dbpedia.org/resource/Faithless
http://nl.dbpedia.org/resource/Faithless,http://sk.dbpedia.org/resource/Faithless
http://nl.dbpedia.org/resource/Faithless,http://sr.dbpedia.org/resource/Faithless
http://nl.dbpedia.org/resource/Faithless,http://sv.dbpedia.org/resource/Faithless
http://nl.dbpedia.org/resource/Faithless,http://th.dbpedia.org/resource/เฟธเลส
http://nl.dbpedia.org/resource/Faithless,http://tr.dbpedia.org/resource/Faithless_(müzik_grubu)
http://nl.dbpedia.org/resource/Faithless,http://www.wikidata.org/entity/Q542071
http://pl.dbpedia.org/resource/Faithless,http://pt.dbpedia.org/resource/Faithless
http://pl.dbpedia.org/resource/Faithless,http://rdf.freebase.com/ns/m.01kqt5
http://pl.dbpedia.org/resource/Faithless,http://ro.dbpedia.org/resource/Faithless
http://pl.dbpedia.org/resource/Faithless,http://ru.dbpedia.org/resource/Faithless
http://pl.dbpedia.org/resource/Faithless,http://sk.dbpedia.org/resource/Faithless
http://pl.dbpedia.org/resource/Faithless,http://sr.dbpedia.org/resource/Faithless
http://pl.dbpedia.org/resource/Faithless,http://sv.dbpedia.org/resource/Faithless
http://pl.dbpedia.org/resource/Faithless,http://th.dbpedia.org/resource/เฟธเลส
http://pl.dbpedia.org/resource/Faithless,http://tr.dbpedia.org/resource/Faithless_(müzik_grubu)
http://pl.dbpedia.org/resource/Faithless,http://www.wikidata.org/entity/Q542071
http://pt.dbpedia.org/resource/Faithless,http://rdf.freebase.com/ns/m.01kqt5
http://pt.dbpedia.org/resource/Faithless,http://ro.dbpedia.org/resource/Faithless
http://pt.dbpedia.org/resource/Faithless,http://ru.dbpedia.org/resource/Faithless
http://pt.dbpedia.org/resource/Faithless,http://sk.dbpedia.org/resource/Faithless
http://pt.dbpedia.org/resource/Faithless,http://sr.dbpedia.org/resource/Faithless
http://pt.dbpedia.org/resource/Faithless,http://sv.dbpedia.org/resource/Faithless
http://pt.dbpedia.org/resource/Faithless,http://th.dbpedia.org/resource/เฟธเลส
http://pt.dbpedia.org/resource/Faithless,http://tr.dbpedia.org/resource/Faithless_(müzik_grubu)
http://pt.dbpedia.org/resource/Faithless,http://www.wikidata.org/entity/Q542071
http://rdf.freebase.com/ns/m.01kqt5,http://www.bbc.co.uk/music/artists/23d9d74d-c95e-46a6-be26-a6075c49747a#artist
http://rdf.freebase.com/ns/m.01kqt5,http://www.wikidata.org/entity/Q542071
http://rdf.freebase.com/ns/m.01kqt5,http://ro.dbpedia.org/resource/Faithless
http://rdf.freebase.com/ns/m.01kqt5,http://ru.dbpedia.org/resource/Faithless
http://rdf.freebase.com/ns/m.01kqt5,http://sk.dbpedia.org/resource/Faithless
http://rdf.freebase.com/ns/m.01kqt5,http://sr.dbpedia.org/resource/Faithless
http://rdf.freebase.com/ns/m.01kqt5,http://sv.dbpedia.org/resource/Faithless
http://rdf.freebase.com/ns/m.01kqt5,http://th.dbpedia.org/resource/เฟธเลส
http://rdf.freebase.com/ns/m.01kqt5,http://tr.dbpedia.org/resource/Faithless_(müzik_grubu)
http://ro.dbpedia.org/resource/Faithless,http://ru.dbpedia.org/resource/Faithless
http://ro.dbpedia.org/resource/Faithless,http://sk.dbpedia.org/resource/Faithless
http://ro.dbpedia.org/resource/Faithless,http://sr.dbpedia.org/resource/Faithless
http://ro.dbpedia.org/resource/Faithless,http://sv.dbpedia.org/resource/Faithless
http://ro.dbpedia.org/resource/Faithless,http://th.dbpedia.org/resource/เฟธเลส
http://ro.dbpedia.org/resource/Faithless,http://tr.dbpedia.org/resource/Faithless_(müzik_grubu)
http://ro.dbpedia.org/resource/Faithless,http://www.wikidata.org/entity/Q542071
http://ru.dbpedia.org/resource/Faithless,http://sk.dbpedia.org/resource/Faithless
http://ru.dbpedia.org/resource/Faithless,http://sr.dbpedia.org/resource/Faithless
http://ru.dbpedia.org/resource/Faithless,http://sv.dbpedia.org/resource/Faithless
http://ru.dbpedia.org/resource/Faithless,http://th.dbpedia.org/resource/เฟธเลส
http://ru.dbpedia.org/resource/Faithless,http://tr.dbpedia.org/resource/Faithless_(müzik_grubu)
http://ru.dbpedia.org/resource/Faithless,http://www.wikidata.org/entity/Q542071
http://sk.dbpedia.org/resource/Faithless,http://sr.dbpedia.org/resource/Faithless
http://sk.dbpedia.org/resource/Faithless,http://sv.dbpedia.org/resource/Faithless
http://sk.dbpedia.org/resource/Faithless,http://th.dbpedia.org/resource/เฟธเลส
http://sk.dbpedia.org/resource/Faithless,http://tr.dbpedia.org/resource/Faithless_(müzik_grubu)
http://sk.dbpedia.org/resource/Faithless,http://www.wikidata.org/entity/Q542071
http://sr.dbpedia.org/resource/Faithless,http://sv.dbpedia.org/resource/Faithless
http://sr.dbpedia.org/resource/Faithless,http://th.dbpedia.org/resource/เฟธเลส
http://sr.dbpedia.org/resource/Faithless,http://tr.dbpedia.org/resource/Faithless_(müzik_grubu)
http://sr.dbpedia.org/resource/Faithless,http://www.wikidata.org/entity/Q542071
http://sv.dbpedia.org/resource/Faithless,http://th.dbpedia.org/resource/เฟธเลส
http://sv.dbpedia.org/resource/Faithless,http://tr.dbpedia.org/resource/Faithless_(müzik_grubu)
http://sv.dbpedia.org/resource/Faithless,http://www.wikidata.org/entity/Q542071
http://th.dbpedia.org/resource/%E0%B9%80%E0%B8%9F%E0%B8%98%E0%B9%80%E0%B8%A5%E0%B8%AA,http://th.dbpedia.org/resource/เฟธเลส
http://th.dbpedia.org/resource/เฟธเลส,http://tr.dbpedia.org/resource/Faithless_(müzik_grubu)
http://th.dbpedia.org/resource/เฟธเลส,http://www.wikidata.org/entity/Q542071
http://tr.dbpedia.org/resource/Faithless_(m%C3%BCzik_grubu),http://tr.dbpedia.org/resource/Faithless_(müzik_grubu)
http://tr.dbpedia.org/resource/Faithless_(müzik_grubu),http://www.wikidata.org/entity/Q542071
